lang,name,lufs,target,gain_db,tp_after,note
eng,brfcom,-19.2,-20.4,-1.22,-4.6,
fre,brfcom,-17.0,-20.4,-3.42,-6.8,
ger,brfcom,-15.8,-20.4,-4.62,-7.6,
eng,brfcom4s,-20.6,-21.1,-0.52,-3.9,
fre,brfcom4s,-18.0,-21.1,-3.12,-6.6,
ger,brfcom4s,-16.4,-21.1,-4.73,-7.8,
eng,c001,-18.2,-19.9,-1.72,-1.5,
ger,c001,-18.2,-19.9,-1.72,-1.5,
eng,cam1/c001,-18.4,-20.0,-1.62,-1.4,
fre,cam1/c001,-17.6,-20.0,-2.42,-2.3,
ger,cam1/c001,-17.3,-20.0,-2.72,-3.7,
eng,cam1/c001end,-15.6,-18.6,-3.03,-2.7,
fre,cam1/c001end,-15.6,-18.6,-3.03,-2.8,
ger,cam1/c001end,-15.2,-18.6,-3.43,-2.8,
eng,cam1/c001pl,-21.1,-21.4,-0.27,-4.6,
fre,cam1/c001pl,-17.7,-21.4,-3.68,-8.2,
ger,cam1/c001pl,-15.7,-21.4,-5.68,-8.7,
eng,cam1/cam1,-21.4,-21.5,-0.12,-4.4,
fre,cam1/cam1,-16.3,-21.5,-5.22,-7.7,
ger,cam1/cam1,-16.1,-21.5,-5.42,-7.9,
eng,cam1/cam1ac,-23.5,-22.6,+0.93,-3.5,
fre,cam1/cam1ac,-17.9,-22.6,-4.68,-8.8,
ger,cam1/cam1ac,-16.9,-22.6,-5.68,-8.8,
eng,cam1/cam1acp,-21.6,-21.6,-0.02,-5.1,
fre,cam1/cam1acp,-16.8,-21.6,-4.82,-9.0,
ger,cam1/cam1acp,-15.8,-21.6,-5.82,-8.9,
eng,cam1/cam1ascv,-24.4,-23.0,+1.38,-3.8,
fre,cam1/cam1ascv,-18.0,-23.0,-5.02,-9.5,
ger,cam1/cam1ascv,-15.7,-23.0,-7.32,-9.9,
eng,cam1/cam1b,-25.9,-23.8,+2.12,-4.5,
fre,cam1/cam1b,-17.7,-23.8,-6.07,-9.1,
ger,cam1/cam1b,-15.8,-23.8,-7.97,-10.3,
eng,cam1/cam1b_p,-24.4,-23.0,+1.38,-4.4,
fre,cam1/cam1b_p,-17.1,-23.0,-5.92,-9.8,
ger,cam1/cam1b_p,-16.3,-23.0,-6.72,-9.8,
eng,cam1/cam1bpow,-24.4,-23.0,+1.38,-1.9,
fre,cam1/cam1bpow,-16.9,-23.0,-6.12,-10.0,
ger,cam1/cam1bpow,-16.4,-23.0,-6.62,-10.4,
eng,cam1/cam1ca,-22.8,-22.2,+0.57,-4.3,
fre,cam1/cam1ca,-17.5,-22.2,-4.73,-8.0,
ger,cam1/cam1ca,-16.5,-22.2,-5.73,-8.3,
eng,cam1/cam1capl,-22.9,-22.3,+0.62,-4.4,
fre,cam1/cam1capl,-16.8,-22.3,-5.47,-9.4,
ger,cam1/cam1capl,-15.9,-22.3,-6.37,-9.6,
eng,cam1/cam1ccf,-23.5,-22.6,+0.93,-2.8,
fre,cam1/cam1ccf,-17.4,-22.6,-5.18,-8.5,
ger,cam1/cam1ccf,-16.3,-22.6,-6.27,-9.1,
eng,cam1/cam1ccom,-22.8,-22.2,+0.57,-3.9,
fre,cam1/cam1ccom,-16.5,-22.2,-5.73,-9.7,
ger,cam1/cam1ccom,-15.7,-22.2,-6.53,-9.6,
eng,cam1/cam1clz,-24.4,-23.0,+1.38,-4.5,
fre,cam1/cam1clz,-17.3,-23.0,-5.72,-9.3,
ger,cam1/cam1clz,-16.1,-23.0,-6.92,-9.6,
eng,cam1/cam1cnp,-20.9,-21.3,-0.38,-4.5,
fre,cam1/cam1cnp,-21.5,-21.3,+0.23,-4.0,
ger,cam1/cam1cnp,-19.9,-21.3,-1.38,-4.5,
eng,cam1/cam1d,-22.5,-22.1,+0.43,-5.0,
fre,cam1/cam1d,-16.7,-22.1,-5.38,-9.3,
ger,cam1/cam1d,-16.1,-22.1,-5.97,-9.0,
eng,cam1/cam1dnp,-21.4,-21.5,-0.12,-5.1,
fre,cam1/cam1dnp,-20.6,-21.5,-0.92,-5.0,
ger,cam1/cam1dnp,-20.0,-21.5,-1.52,-4.5,
eng,cam1/cam1dp1,-21.6,-21.6,-0.02,-4.1,
fre,cam1/cam1dp1,-16.7,-21.6,-4.93,-8.1,
ger,cam1/cam1dp1,-15.8,-21.6,-5.82,-9.1,
eng,cam1/cam1dp2,-22.1,-21.9,+0.23,-4.8,
fre,cam1/cam1dp2,-17.2,-21.9,-4.68,-8.4,
ger,cam1/cam1dp2,-16.2,-21.9,-5.68,-8.9,
eng,cam1/cam1out1,-22.9,-22.3,+0.62,-3.4,
fre,cam1/cam1out1,-16.5,-22.3,-5.77,-8.7,
ger,cam1/cam1out1,-16.1,-22.3,-6.17,-8.5,
eng,cam1/cam1out2,-21.4,-21.5,-0.12,-3.6,
fre,cam1/cam1out2,-16.0,-21.5,-5.52,-6.6,
ger,cam1/cam1out2,-17.3,-21.5,-4.22,-7.8,
eng,cam1/cam1out3,-21.5,-21.6,-0.07,-6.0,
fre,cam1/cam1out3,-15.9,-21.6,-5.67,-10.7,
ger,cam1/cam1out3,-16.4,-21.6,-5.18,-8.0,
eng,cam1/cam1out4,-17.3,-19.5,-2.18,-2.1,
fre,cam1/cam1out4,-15.9,-19.5,-3.58,-5.1,
ger,cam1/cam1out4,-16.1,-19.5,-3.38,-2.5,
eng,cam1/cam1out5,-22.4,-22.0,+0.38,-4.0,
fre,cam1/cam1out5,-16.4,-22.0,-5.62,-7.7,
ger,cam1/cam1out5,-16.1,-22.0,-5.92,-9.1,
eng,cam1/cam1out6,-19.5,-20.6,-1.07,-4.2,
fre,cam1/cam1out6,-16.8,-20.6,-3.77,-7.8,
ger,cam1/cam1out6,-15.8,-20.6,-4.77,-8.2,
eng,cam1/map1a_c,-23.3,-22.5,+0.82,-3.8,
fre,cam1/map1a_c,-17.1,-22.5,-5.38,-8.6,
ger,cam1/map1a_c,-16.0,-22.5,-6.48,-8.1,
eng,cam1/map1c,-21.7,-21.7,+0.03,-4.4,
fre,cam1/map1c,-17.6,-21.7,-4.07,-8.9,
ger,cam1/map1c,-15.9,-21.7,-5.77,-8.6,
eng,cam1/map1cexp,-23.8,-22.7,+1.07,-4.5,
fre,cam1/map1cexp,-16.9,-22.7,-5.83,-8.9,
ger,cam1/map1cexp,-16.1,-22.7,-6.62,-8.8,
eng,cam1/sub12pt2,-26.6,-24.1,+2.48,-5.5,
fre,cam1/sub12pt2,-17.7,-24.1,-6.43,-9.0,
ger,cam1/sub12pt2,-16.9,-24.1,-7.23,-10.1,
eng,cam1/sub13bet,-20.9,-21.3,-0.38,-4.2,
fre,cam1/sub13bet,-18.2,-21.3,-3.07,-6.5,
ger,cam1/sub13bet,-12.8,-21.3,-8.47,-11.1,
eng,cam1/sub13gam,-19.5,-20.6,-1.07,-5.6,
fre,cam1/sub13gam,-17.5,-20.6,-3.07,-7.5,
ger,cam1/sub13gam,-17.4,-20.6,-3.18,-7.7,
eng,cam1/sub13np1,-21.2,-21.4,-0.22,-4.4,
fre,cam1/sub13np1,-20.4,-21.4,-1.02,-6.0,
ger,cam1/sub13np1,-19.8,-21.4,-1.62,-5.2,
eng,cam1/sub13np2,-21.1,-21.4,-0.27,-4.4,
fre,cam1/sub13np2,-20.1,-21.4,-1.27,-6.4,
ger,cam1/sub13np2,-20.0,-21.4,-1.38,-4.8,
eng,cam1/sub14anp,-21.6,-21.6,-0.02,-4.6,
fre,cam1/sub14anp,-19.3,-21.6,-2.32,-4.7,
ger,cam1/sub14anp,-20.4,-21.6,-1.23,-4.3,
eng,cam1/sub14bpl,-21.4,-21.5,-0.12,-4.1,
fre,cam1/sub14bpl,-17.1,-21.5,-4.42,-8.6,
ger,cam1/sub14bpl,-15.6,-21.5,-5.92,-9.0,
eng,cam1/sub17fmv,-23.5,-22.6,+0.93,-4.0,
fre,cam1/sub17fmv,-16.7,-22.6,-5.88,-9.4,
ger,cam1/sub17fmv,-15.4,-22.6,-7.17,-9.1,
eng,cam1/sub1_1,-24.6,-23.1,+1.48,-6.2,
fre,cam1/sub1_1,-17.2,-23.1,-5.93,-8.7,
ger,cam1/sub1_1,-15.9,-23.1,-7.22,-9.7,
eng,cam1/sub1_1p,-21.9,-21.8,+0.12,-6.4,
fre,cam1/sub1_1p,-16.1,-21.8,-5.67,-8.8,
ger,cam1/sub1_1p,-15.0,-21.8,-6.77,-10.1,
eng,cam1/sub1_2,-25.9,-23.8,+2.12,-4.8,
fre,cam1/sub1_2,-17.1,-23.8,-6.67,-10.3,
ger,cam1/sub1_2,-15.7,-23.8,-8.07,-10.6,
eng,cam1/sub1_3,-27.4,-24.5,+2.88,-4.9,
fre,cam1/sub1_3,-17.5,-24.5,-7.02,-9.3,
ger,cam1/sub1_3,-15.5,-24.5,-9.02,-11.0,
eng,cam1/sub1_3p1,-21.6,-21.6,-0.02,-3.1,
fre,cam1/sub1_3p1,-18.2,-21.6,-3.43,-7.8,
ger,cam1/sub1_3p1,-15.9,-21.6,-5.72,-9.0,
eng,cam1/sub1_4,-23.1,-22.4,+0.73,-2.9,
fre,cam1/sub1_4,-16.9,-22.4,-5.48,-7.6,
ger,cam1/sub1_4,-16.3,-22.4,-6.07,-8.6,
eng,cam1/sub1_4b,-22.6,-22.1,+0.48,-4.9,
fre,cam1/sub1_4b,-17.4,-22.1,-4.73,-8.9,
ger,cam1/sub1_4b,-16.0,-22.1,-6.12,-8.7,
eng,cam1/sub1_4bn,-19.7,-20.7,-0.97,-5.7,
fre,cam1/sub1_4bn,-16.9,-20.7,-3.77,-3.5,
ger,cam1/sub1_4bn,-18.3,-20.7,-2.37,-3.9,
eng,cam1/sub1_4pl,-20.9,-21.3,-0.38,-5.6,
fre,cam1/sub1_4pl,-17.9,-21.3,-3.38,-7.1,
ger,cam1/sub1_4pl,-15.1,-21.3,-6.17,-9.4,
eng,cam1/sub1_5,-23.5,-22.6,+0.93,-4.2,
fre,cam1/sub1_5,-18.5,-22.6,-4.07,-8.0,
ger,cam1/sub1_5,-15.8,-22.6,-6.77,-9.3,
eng,cam1/sub1_5pl,-22.0,-21.8,+0.18,-3.8,
fre,cam1/sub1_5pl,-16.4,-21.8,-5.43,-9.1,
ger,cam1/sub1_5pl,-16.3,-21.8,-5.52,-8.6,
eng,cam1/sub1_7,-23.9,-22.8,+1.12,-3.8,
fre,cam1/sub1_7,-16.6,-22.8,-6.17,-9.5,
ger,cam1/sub1_7,-16.0,-22.8,-6.77,-9.7,
eng,cam1/sub1_7b,-21.9,-21.8,+0.12,-5.1,
fre,cam1/sub1_7b,-17.1,-21.8,-4.67,-9.0,
ger,cam1/sub1_7b,-16.2,-21.8,-5.57,-8.7,
eng,cam1/sub1_7pl,-23.7,-22.7,+1.03,-3.3,
fre,cam1/sub1_7pl,-16.4,-22.7,-6.27,-9.9,
ger,cam1/sub1_7pl,-15.5,-22.7,-7.17,-10.2,
eng,cam2/c002,-18.7,-20.2,-1.47,-1.5,
fre,cam2/c002,-16.7,-20.2,-3.47,-3.8,
ger,cam2/c002,-16.4,-20.2,-3.77,-3.9,
eng,cam2/c2diif2,-23.2,-22.4,+0.78,-4.5,
fre,cam2/c2diif2,-17.8,-22.4,-4.62,-8.8,
ger,cam2/c2diif2,-16.2,-22.4,-6.22,-8.3,
eng,cam2/cam22fmv,-24.1,-22.9,+1.23,-3.2,
fre,cam2/cam22fmv,-15.9,-22.9,-6.97,-8.0,
ger,cam2/cam22fmv,-15.6,-22.9,-7.28,-7.3,
eng,cam2/cam22pl1,-23.2,-22.4,+0.78,-4.8,
fre,cam2/cam22pl1,-16.4,-22.4,-6.02,-10.2,
ger,cam2/cam22pl1,-16.6,-22.4,-5.82,-9.1,
eng,cam2/cam22pl2,-23.8,-22.7,+1.07,-5.6,
fre,cam2/cam22pl2,-16.6,-22.7,-6.12,-10.5,
ger,cam2/cam22pl2,-15.8,-22.7,-6.93,-10.2,
eng,cam2/cam22pl3,-21.9,-21.8,+0.12,-2.3,
fre,cam2/cam22pl3,-16.8,-21.8,-4.97,-9.4,
ger,cam2/cam22pl3,-15.8,-21.8,-5.97,-9.1,
eng,cam2/cam26afm,-21.8,-21.7,+0.07,-3.5,
fre,cam2/cam26afm,-15.6,-21.7,-6.13,-5.9,
ger,cam2/cam26afm,-15.5,-21.7,-6.23,-6.1,
eng,cam2/cam26bfm,-28.3,-25.0,+3.32,-6.5,
fre,cam2/cam26bfm,-18.9,-25.0,-6.08,-9.9,
ger,cam2/cam26bfm,-17.1,-25.0,-7.88,-10.1,
eng,cam2/cam26pl1,-22.2,-21.9,+0.28,-3.3,
fre,cam2/cam26pl1,-16.7,-21.9,-5.22,-9.2,
ger,cam2/cam26pl1,-16.0,-21.9,-5.92,-8.9,
eng,cam2/cam26pl2,-24.8,-23.2,+1.57,-6.4,
fre,cam2/cam26pl2,-16.5,-23.2,-6.73,-10.1,
ger,cam2/cam26pl2,-15.9,-23.2,-7.33,-10.2,
eng,cam2/cam27fmv,-21.9,-21.8,+0.12,-3.5,
fre,cam2/cam27fmv,-16.6,-21.8,-5.17,-8.9,
ger,cam2/cam27fmv,-15.6,-21.8,-6.17,-8.8,
eng,cam2/cam28apl,-20.5,-21.1,-0.57,-3.9,
fre,cam2/cam28apl,-16.8,-21.1,-4.27,-7.9,
ger,cam2/cam28apl,-15.4,-21.1,-5.67,-8.8,
eng,cam2/cam2_1,-23.4,-22.5,+0.88,-4.7,
fre,cam2/cam2_1,-17.4,-22.5,-5.12,-8.7,
ger,cam2/cam2_1,-16.3,-22.5,-6.22,-9.0,
eng,cam2/cam2_2,-27.5,-24.6,+2.93,-6.8,
fre,cam2/cam2_2,-16.8,-24.6,-7.77,-10.3,
ger,cam2/cam2_2,-15.9,-24.6,-8.67,-11.0,
eng,cam2/cam2_2n,-20.3,-21.0,-0.68,-3.9,
fre,cam2/cam2_2n,-17.2,-21.0,-3.78,-5.4,
ger,cam2/cam2_2n,-17.1,-21.0,-3.88,-4.0,
eng,cam2/cam2_2n2,-18.8,-20.2,-1.43,-5.5,
fre,cam2/cam2_2n2,-15.4,-20.2,-4.83,-6.6,
ger,cam2/cam2_2n2,-15.8,-20.2,-4.43,-4.4,
eng,cam2/cam2_5,-22.2,-21.9,+0.28,-5.1,
fre,cam2/cam2_5,-17.9,-21.9,-4.02,-7.8,
ger,cam2/cam2_5,-16.0,-21.9,-5.92,-8.1,
eng,cam2/cam2_5pl,-20.6,-21.1,-0.52,-4.8,
fre,cam2/cam2_5pl,-16.8,-21.1,-4.32,-7.1,
ger,cam2/cam2_5pl,-16.1,-21.1,-5.02,-8.5,
eng,cam2/cam2_6a,-26.2,-23.9,+2.28,-5.6,
fre,cam2/cam2_6a,-16.9,-23.9,-7.02,-10.7,
ger,cam2/cam2_6a,-15.7,-23.9,-8.22,-11.5,
eng,cam2/cam2_6b,-25.0,-23.3,+1.68,-5.2,
fre,cam2/cam2_6b,-18.3,-23.3,-5.02,-9.3,
ger,cam2/cam2_6b,-16.5,-23.3,-6.82,-9.9,
eng,cam2/cam2_7,-25.3,-23.5,+1.82,-6.6,
fre,cam2/cam2_7,-16.7,-23.5,-6.78,-11.0,
ger,cam2/cam2_7,-15.6,-23.5,-7.88,-10.7,
eng,cam2/cam2_8a,-21.1,-21.4,-0.27,-4.9,
fre,cam2/cam2_8a,-16.9,-21.4,-4.48,-8.2,
ger,cam2/cam2_8a,-15.8,-21.4,-5.57,-8.4,
eng,cam2/cam2_di,-22.0,-21.8,+0.18,-3.7,
fre,cam2/cam2_di,-17.1,-21.8,-4.72,-8.9,
ger,cam2/cam2_di,-15.9,-21.8,-5.92,-8.7,
eng,cam2/cam2_diib,-26.0,-23.8,+2.18,-6.6,
fre,cam2/cam2_diib,-26.0,-23.8,+2.18,-6.6,
ger,cam2/cam2_diib,-26.0,-23.8,+2.18,-6.6,
eng,cam2/cam2acol,-20.9,-21.3,-0.38,-6.1,
fre,cam2/cam2acol,-17.6,-21.3,-3.67,-6.9,
ger,cam2/cam2acol,-17.6,-21.3,-3.67,-7.7,
eng,cam2/cam2ap,-21.8,-21.7,+0.07,-5.2,
fre,cam2/cam2ap,-17.8,-21.7,-3.93,-8.7,
ger,cam2/cam2ap,-15.9,-21.7,-5.83,-8.8,
eng,cam2/cam2ap1,-21.2,-21.4,-0.22,-3.5,
fre,cam2/cam2ap1,-17.1,-21.4,-4.32,-9.4,
ger,cam2/cam2ap1,-15.6,-21.4,-5.82,-8.9,
eng,cam2/cam2b,-25.2,-23.4,+1.78,-3.6,
fre,cam2/cam2b,-16.8,-23.4,-6.62,-10.6,
ger,cam2/cam2b,-15.5,-23.4,-7.92,-10.9,
eng,cam2/cam2bcol,-22.2,-21.9,+0.28,-7.7,
fre,cam2/cam2bcol,-17.6,-21.9,-4.32,-7.5,
ger,cam2/cam2bcol,-17.0,-21.9,-4.92,-9.3,
eng,cam2/cam2bpl,-23.0,-22.3,+0.68,-4.3,
fre,cam2/cam2bpl,-17.5,-22.3,-4.82,-9.4,
ger,cam2/cam2bpl,-16.4,-22.3,-5.93,-8.9,
eng,cam2/cam2ca,-23.2,-22.4,+0.78,-4.5,
fre,cam2/cam2ca,-16.8,-22.4,-5.62,-9.7,
ger,cam2/cam2ca,-16.1,-22.4,-6.32,-8.5,
eng,cam2/cam2capl,-21.2,-21.4,-0.22,-4.1,
fre,cam2/cam2capl,-17.2,-21.4,-4.22,-7.3,
ger,cam2/cam2capl,-17.2,-21.4,-4.22,-7.4,
eng,cam2/cam2cb,-22.8,-22.2,+0.57,-4.8,
fre,cam2/cam2cb,-18.1,-22.2,-4.12,-7.7,
ger,cam2/cam2cb,-16.6,-22.2,-5.62,-9.4,
eng,cam2/cam2cbpl,-21.3,-21.5,-0.18,-5.5,
fre,cam2/cam2cbpl,-16.4,-21.5,-5.08,-8.9,
ger,cam2/cam2cbpl,-16.1,-21.5,-5.38,-8.4,
eng,cam2/cam2dico,-22.5,-22.1,+0.43,-6.9,
fre,cam2/cam2dico,-17.6,-22.1,-4.47,-7.4,
ger,cam2/cam2dico,-17.5,-22.1,-4.57,-9.1,
eng,cam2/cam2diib,-26.0,-23.8,+2.18,-6.6,
fre,cam2/cam2diib,-17.1,-23.8,-6.72,-11.1,
ger,cam2/cam2diib,-16.3,-23.8,-7.52,-10.6,
eng,cam2/cam2diif,-21.9,-21.8,+0.12,-4.7,
fre,cam2/cam2diif,-17.2,-21.8,-4.57,-8.4,
ger,cam2/cam2diif,-16.0,-21.8,-5.77,-8.4,
eng,cam2/cam2diin,-19.1,-20.4,-1.27,-1.5,
fre,cam2/cam2diin,-16.1,-20.4,-4.27,-5.0,
ger,cam2/cam2diin,-15.6,-20.4,-4.78,-4.7,
eng,cam2/cam2diip,-19.7,-20.7,-0.97,-5.1,
fre,cam2/cam2diip,-17.8,-20.7,-2.87,-6.6,
ger,cam2/cam2diip,-15.8,-20.7,-4.87,-8.0,
eng,cam2/cam2dipl,-20.7,-21.2,-0.47,-5.1,
fre,cam2/cam2dipl,-17.9,-21.2,-3.27,-7.8,
ger,cam2/cam2dipl,-16.5,-21.2,-4.67,-7.5,
eng,cam2/cam2int1,-17.1,-19.4,-2.27,-1.7,
fre,cam2/cam2int1,-17.1,-19.4,-2.27,-1.7,
ger,cam2/cam2int1,-17.1,-19.4,-2.27,-1.7,
eng,cam2/cam2int2,-18.7,-20.2,-1.47,-1.4,
fre,cam2/cam2int2,-18.7,-20.2,-1.47,-1.4,
ger,cam2/cam2int2,-18.7,-20.2,-1.47,-1.4,
eng,cam2/cam2inta,-23.4,-22.5,+0.88,-3.2,
fre,cam2/cam2inta,-16.9,-22.5,-5.62,-8.2,
ger,cam2/cam2inta,-16.9,-22.5,-5.62,-8.8,
eng,cam2/cam2intb,-21.5,-21.6,-0.07,-5.0,
fre,cam2/cam2intb,-16.9,-21.6,-4.68,-9.4,
ger,cam2/cam2intb,-16.4,-21.6,-5.18,-9.2,
eng,cam2/cam2out,-11.3,-16.5,-5.18,-4.9,
fre,cam2/cam2out,-11.3,-16.5,-5.18,-4.9,
ger,cam2/cam2out,-11.3,-16.5,-5.18,-4.9,
eng,cam3/c003,-18.0,-19.8,-1.82,-1.5,
fre,cam3/c003,-16.4,-19.8,-3.43,-3.2,
ger,cam3/c003,-15.3,-19.8,-4.52,-3.7,
eng,cam3/c3_d1_a,-23.7,-22.7,+1.03,-6.9,
fre,cam3/c3_d1_a,-17.4,-22.7,-5.27,-9.6,
ger,cam3/c3_d1_a,-15.2,-22.7,-7.47,-8.9,
eng,cam3/c3_d1_b,-24.2,-22.9,+1.28,-6.1,
fre,cam3/c3_d1_b,-16.8,-22.9,-6.12,-10.3,
ger,cam3/c3_d1_b,-15.4,-22.9,-7.52,-10.3,
eng,cam3/c3ad1pl1,-22.1,-21.9,+0.23,-5.5,
fre,cam3/c3ad1pl1,-16.4,-21.9,-5.48,-9.5,
ger,cam3/c3ad1pl1,-15.3,-21.9,-6.57,-7.0,
eng,cam3/c3ad1pl2,-21.6,-21.6,-0.02,-4.7,
fre,cam3/c3ad1pl2,-16.7,-21.6,-4.93,-9.3,
ger,cam3/c3ad1pl2,-16.2,-21.6,-5.43,-10.4,
eng,cam3/c3ad1pl3,-22.1,-21.9,+0.23,-6.7,
fre,cam3/c3ad1pl3,-17.4,-21.9,-4.48,-9.5,
ger,cam3/c3ad1pl3,-15.4,-21.9,-6.47,-9.3,
eng,cam3/c3ad2_09,-23.6,-22.6,+0.98,-6.0,
fre,cam3/c3ad2_09,-17.7,-22.6,-4.93,-8.7,
ger,cam3/c3ad2_09,-16.6,-22.6,-6.02,-9.3,
eng,cam3/c3ad2_12,-22.1,-21.9,+0.23,-5.8,
fre,cam3/c3ad2_12,-16.0,-21.9,-5.88,-6.9,
ger,cam3/c3ad2_12,-16.1,-21.9,-5.77,-6.8,
eng,cam3/c3ad2_14,-22.3,-22.0,+0.32,-4.8,
fre,cam3/c3ad2_14,-16.5,-22.0,-5.48,-6.5,
ger,cam3/c3ad2_14,-16.1,-22.0,-5.88,-6.9,
eng,cam3/c3ad2_16,-17.1,-19.4,-2.27,-2.3,
fre,cam3/c3ad2_16,-16.5,-19.4,-2.88,-3.1,
ger,cam3/c3ad2_16,-16.7,-19.4,-2.68,-3.0,
eng,cam3/c3ad2_17,-16.6,-19.1,-2.52,-2.7,
fre,cam3/c3ad2_17,-16.6,-19.1,-2.52,-2.7,
ger,cam3/c3ad2_17,-16.6,-19.1,-2.52,-2.7,
eng,cam3/c3ad2n2,-17.3,-19.5,-2.18,-2.3,
fre,cam3/c3ad2n2,-18.9,-19.5,-0.58,-3.1,
ger,cam3/c3ad2n2,-20.0,-19.5,+0.52,-3.0,
eng,cam3/c3ad2pl1,-21.4,-21.5,-0.12,-4.0,
fre,cam3/c3ad2pl1,-16.2,-21.5,-5.32,-8.6,
ger,cam3/c3ad2pl1,-16.6,-21.5,-4.92,-7.6,
eng,cam3/c3ad2pl2,-22.8,-22.2,+0.57,-4.9,
fre,cam3/c3ad2pl2,-15.8,-22.2,-6.43,-9.4,
ger,cam3/c3ad2pl2,-15.3,-22.2,-6.93,-7.0,
eng,cam3/c3ad2pl3,-15.0,-18.3,-3.32,-5.1,
fre,cam3/c3ad2pl3,-16.2,-18.3,-2.12,-1.9,
ger,cam3/c3ad2pl3,-15.7,-18.3,-2.62,-4.3,
eng,cam3/c3ad2pl4,-23.7,-22.7,+1.03,-5.1,
fre,cam3/c3ad2pl4,-16.4,-22.7,-6.27,-10.3,
ger,cam3/c3ad2pl4,-15.5,-22.7,-7.17,-9.7,
eng,cam3/c3c,-21.7,-21.7,+0.03,-4.9,
fre,cam3/c3c,-21.0,-21.7,-0.67,-1.3,
ger,cam3/c3c,-21.4,-21.7,-0.27,-4.7,
eng,cam3/cam31bpl,-20.9,-21.3,-0.38,-3.4,
fre,cam3/cam31bpl,-16.8,-21.3,-4.47,-8.8,
ger,cam3/cam31bpl,-15.5,-21.3,-5.77,-8.7,
eng,cam3/cam31g2,-18.8,-20.2,-1.43,-3.8,
fre,cam3/cam31g2,-16.5,-20.2,-3.73,-6.7,
ger,cam3/cam31g2,-15.3,-20.2,-4.93,-6.5,
eng,cam3/cam31gam,-22.4,-22.0,+0.38,-5.8,
fre,cam3/cam31gam,-16.4,-22.0,-5.62,-9.2,
ger,cam3/cam31gam,-17.9,-22.0,-4.12,-9.8,
eng,cam3/cam32a2,-19.8,-20.7,-0.93,-5.6,
fre,cam3/cam32a2,-16.6,-20.7,-4.12,-8.1,
ger,cam3/cam32a2,-16.0,-20.7,-4.73,-6.4,
eng,cam3/cam32alp,-19.9,-20.8,-0.88,-6.0,
fre,cam3/cam32alp,-16.9,-20.8,-3.88,-7.7,
ger,cam3/cam32alp,-17.2,-20.8,-3.57,-5.8,
eng,cam3/cam32pl,-21.8,-21.7,+0.07,-3.9,
fre,cam3/cam32pl,-16.1,-21.7,-5.62,-8.6,
ger,cam3/cam32pl,-16.0,-21.7,-5.73,-8.4,
eng,cam3/cam32pl2,-21.8,-21.7,+0.07,-3.1,
fre,cam3/cam32pl2,-17.7,-21.7,-4.03,-7.9,
ger,cam3/cam32pl2,-15.5,-21.7,-6.23,-7.7,
eng,cam3/cam32pl3,-20.6,-21.1,-0.52,-4.1,
fre,cam3/cam32pl3,-17.3,-21.1,-3.82,-8.5,
ger,cam3/cam32pl3,-15.9,-21.1,-5.22,-8.7,
eng,cam3/cam34fmv,-11.5,-16.6,-5.07,-4.7,
fre,cam3/cam34fmv,-11.5,-16.6,-5.07,-4.7,
ger,cam3/cam34fmv,-11.5,-16.6,-5.07,-4.7,
eng,cam3/cam34mu1,-20.8,-21.2,-0.43,-4.2,
fre,cam3/cam34mu1,-16.1,-21.2,-5.12,-8.9,
ger,cam3/cam34mu1,-15.6,-21.2,-5.63,-8.5,
eng,cam3/cam34mu2,-18.9,-20.3,-1.38,-3.5,
fre,cam3/cam34mu2,-16.7,-20.3,-3.57,-5.4,
ger,cam3/cam34mu2,-17.2,-20.3,-3.07,-5.2,
eng,cam3/cam3_1,-22.1,-21.9,+0.23,-8.8,
fre,cam3/cam3_1,-18.0,-21.9,-3.88,-8.2,
ger,cam3/cam3_1,-15.3,-21.9,-6.57,-8.0,
eng,cam3/cam3_1b,-24.1,-22.9,+1.23,-8.3,
fre,cam3/cam3_1b,-17.4,-22.9,-5.48,-8.3,
ger,cam3/cam3_1b,-16.8,-22.9,-6.07,-9.4,
eng,cam3/cam3_1bn,-18.4,-20.0,-1.62,-1.9,
fre,cam3/cam3_1bn,-16.4,-20.0,-3.62,-4.1,
ger,cam3/cam3_1bn,-15.6,-20.0,-4.42,-4.8,
eng,cam3/cam3_2b,-22.3,-22.0,+0.32,-3.8,
fre,cam3/cam3_2b,-16.9,-22.0,-5.08,-8.7,
ger,cam3/cam3_2b,-16.5,-22.0,-5.48,-8.6,
eng,cam3/cam3_4a,-25.3,-23.5,+1.82,-7.2,
fre,cam3/cam3_4a,-16.2,-23.5,-7.28,-12.0,
ger,cam3/cam3_4a,-15.5,-23.5,-7.98,-11.4,
eng,cam3/cam3_4b,-26.4,-24.0,+2.38,-6.2,
fre,cam3/cam3_4b,-16.9,-24.0,-7.12,-10.2,
ger,cam3/cam3_4b,-15.3,-24.0,-8.72,-11.5,
eng,cam3/cam3_bn,-17.7,-19.7,-1.97,-1.8,
fre,cam3/cam3_bn,-16.4,-19.7,-3.27,-4.8,
ger,cam3/cam3_bn,-15.7,-19.7,-3.97,-4.2,
eng,cam3/cam3_cb,-22.5,-22.1,+0.43,-6.7,
fre,cam3/cam3_cb,-16.6,-22.1,-5.47,-9.4,
ger,cam3/cam3_cb,-15.5,-22.1,-6.57,-8.7,
eng,cam3/cam3_cg,-20.0,-20.8,-0.82,-3.5,
fre,cam3/cam3_cg,-17.0,-20.8,-3.82,-7.5,
ger,cam3/cam3_cg,-15.4,-20.8,-5.42,-6.9,
eng,cam3/cam3_cn,-16.2,-18.9,-2.72,-2.6,
fre,cam3/cam3_cn,-15.7,-18.9,-3.22,-4.0,
ger,cam3/cam3_cn,-14.8,-18.9,-4.12,-3.7,
eng,cam3/cam3ab,-18.0,-19.8,-1.82,-4.1,
fre,cam3/cam3ab,-17.0,-19.8,-2.82,-7.2,
ger,cam3/cam3ab,-16.2,-19.8,-3.62,-6.3,
eng,cam3/cam3aba,-22.6,-22.1,+0.48,-2.9,
fre,cam3/cam3aba,-17.1,-22.1,-5.02,-7.7,
ger,cam3/cam3aba,-17.1,-22.1,-5.02,-7.5,
eng,cam3/cam3abf,-20.1,-20.9,-0.77,-1.1,
fre,cam3/cam3abf,-17.3,-20.9,-3.57,-6.3,
ger,cam3/cam3abf,-16.3,-20.9,-4.57,-4.5,
eng,cam3/cam3abpl,-18.3,-20.0,-1.68,-5.3,
fre,cam3/cam3abpl,-14.5,-20.0,-5.48,-8.7,
ger,cam3/cam3abpl,-13.0,-20.0,-6.98,-6.6,
eng,cam3/cam3ad1b,-25.9,-23.8,+2.12,-7.6,
fre,cam3/cam3ad1b,-16.3,-23.8,-7.47,-11.1,
ger,cam3/cam3ad1b,-15.5,-23.8,-8.27,-11.1,
eng,cam3/cam3ad2n,-15.9,-18.8,-2.87,-2.7,
fre,cam3/cam3ad2n,-16.4,-18.8,-2.38,-3.1,
ger,cam3/cam3ad2n,-16.0,-18.8,-2.77,-3.4,
eng,cam3/cam3b,-26.0,-23.8,+2.18,-4.1,
fre,cam3/cam3b,-17.6,-23.8,-6.22,-11.2,
ger,cam3/cam3b,-16.1,-23.8,-7.72,-10.9,
eng,cam3/cam3bg,-21.7,-21.7,+0.03,-7.0,
fre,cam3/cam3bg,-16.9,-21.7,-4.77,-8.6,
ger,cam3/cam3bg,-14.8,-21.7,-6.87,-7.2,
eng,cam3/cam3bpl,-21.3,-21.5,-0.18,-4.2,
fre,cam3/cam3bpl,-16.7,-21.5,-4.78,-8.6,
ger,cam3/cam3bpl,-15.3,-21.5,-6.18,-8.5,
eng,cam3/cam3cbet,-14.9,-18.3,-3.37,-3.7,
fre,cam3/cam3cbet,-16.6,-18.3,-1.67,-5.8,
ger,cam3/cam3cbet,-18.4,-18.3,+0.12,-4.8,
eng,cam3/cam3cpl1,-19.5,-20.6,-1.07,-2.3,
fre,cam3/cam3cpl1,-17.6,-20.6,-2.97,-8.1,
ger,cam3/cam3cpl1,-17.9,-20.6,-2.68,-8.0,
eng,cam3/cam3cpl2,-18.5,-20.1,-1.57,-4.6,
fre,cam3/cam3cpl2,-17.9,-20.1,-2.18,-7.3,
ger,cam3/cam3cpl2,-15.1,-20.1,-4.97,-8.3,
eng,cam3/cam3cpl3,-18.2,-19.9,-1.72,-4.9,
fre,cam3/cam3cpl3,-17.5,-19.9,-2.42,-7.2,
ger,cam3/cam3cpl3,-17.5,-19.9,-2.42,-7.1,
eng,cam3/cam3int,-15.8,-18.7,-2.93,-2.6,
fre,cam3/cam3int,-15.3,-18.7,-3.43,-3.0,
ger,cam3/cam3int,-15.8,-18.7,-2.93,-2.6,
eng,cam3/cam3intb,-21.8,-21.7,+0.07,-4.9,
fre,cam3/cam3intb,-17.9,-21.7,-3.83,-8.0,
ger,cam3/cam3intb,-15.9,-21.7,-5.83,-8.4,
eng,cam3/cam3intp,-21.3,-21.5,-0.18,-4.4,
fre,cam3/cam3intp,-16.9,-21.5,-4.58,-8.4,
ger,cam3/cam3intp,-16.1,-21.5,-5.38,-8.3,
eng,devastation,-20.0,-20.8,-0.82,-2.6,
fre,devastation,-14.1,-20.8,-6.72,-5.7,
ger,devastation,-16.3,-20.8,-4.52,-4.2,
eng,eidos-logo,-12.4,-17.0,-4.62,-3.8,
fre,eidos-logo,-12.4,-17.0,-4.62,-3.8,
ger,eidos-logo,-12.4,-17.0,-4.62,-3.8,
eng,end,-15.9,-18.8,-2.87,-2.4,
fre,end,-15.3,-18.8,-3.47,-3.5,
ger,end,-14.8,-18.8,-3.97,-6.0,
eng,factory,-16.2,-18.9,-2.72,-2.6,
fre,factory,-16.2,-18.9,-2.72,-2.6,
ger,factory,-16.2,-18.9,-2.72,-2.6,
eng,fastplay,-24.4,-23.0,+1.38,-3.8,
fre,fastplay,-16.7,-23.0,-6.32,-8.4,
ger,fastplay,-15.9,-23.0,-7.12,-9.3,
eng,incomint,-19.9,-20.8,-0.88,-3.9,
fre,incomint,-17.1,-20.8,-3.67,-6.6,
ger,incomint,-17.2,-20.8,-3.57,-6.6,
eng,incomtns,-20.0,-20.8,-0.82,-4.7,
fre,incomtns,-17.3,-20.8,-3.52,-6.9,
ger,incomtns,-17.3,-20.8,-3.52,-7.2,
eng,inflight,-15.2,-18.4,-3.22,-7.3,
fre,inflight,-15.2,-18.4,-3.22,-7.3,
ger,inflight,-15.2,-18.4,-3.22,-7.3,
eng,outro,-14.2,-17.9,-3.72,-3.2,
fre,outro,-13.7,-17.9,-4.22,-3.6,
ger,outro,-13.5,-17.9,-4.42,-3.6,
eng,plyr4sec,-22.2,-21.9,+0.28,-12.5,
fre,plyr4sec,-22.2,-21.9,+0.28,-12.5,
ger,plyr4sec,-22.2,-21.9,+0.28,-12.5,
eng,prjupdat,-19.9,-20.8,-0.88,-4.1,
fre,prjupdat,-16.8,-20.8,-3.97,-7.2,
ger,prjupdat,-15.4,-20.8,-5.37,-8.8,
eng,pumpkin,-12.3,-17.0,-4.68,-4.6,
fre,pumpkin,-12.3,-17.0,-4.68,-4.6,
ger,pumpkin,-12.3,-17.0,-4.68,-4.6,
eng,titles,-13.0,-17.3,-4.32,-4.1,
fre,titles,-13.0,-17.3,-4.32,-4.1,
ger,titles,-13.0,-17.3,-4.32,-4.1,
eng,transport,-20.9,-21.3,-0.38,-4.8,
fre,transport,-16.7,-21.3,-4.57,-8.4,
ger,transport,-15.8,-21.3,-5.47,-8.6,
eng,victory,-18.9,-20.3,-1.38,-4.5,
fre,victory,-21.7,-20.3,+1.43,-3.7,
ger,victory,-16.4,-20.3,-3.88,-9.1,
