sequence,applies_to,op,params,source,status,note
brfcom,ger,tail_loop,loop English frames 10-59 (50-frame / 2.00s exact atom cycle @25fps): play 0-59 then 10-21 (72 frames = 2.88s),manual review,confirmed 2026-09-22,frames 50-59 are bit-exact copies of 0-9
cam1/c001,fre audio,cut_gap,"remove 69.10-69.46s (0.36s) in the quiet gap before the TV-off sound, 20-50ms crossfade",manual review,confirmed 2026-09-22,"moves the French TV-off sound onto the English picture effect (~69.4s)"
cam1/c001,fre audio,pad_tail,silence to 71.08s (0.72s after the gap cut; 0.36s without it),manual review,confirmed 2026-09-22,French is shorter than English
cam1/c001,ger (edit list),mid_hold,"hold English frame 1733 (69.32s @25fps) for 3.56s (89 frames), then continue at frame 1734; German audio pad 0.56s at end",manual review,confirmed 2026-09-22,"German holds the last rotating-module frame until its line ends, then plays the TV-off tail. Edit list preferred over splitting the clip (subtitles unaffected)"
cam1/cam1ccf,fre,tail_hold,hold the last frame (cam1/cam1 frame 400 = 16.00s) 2.08s; French total 18.16s against the 16.08s shared video,manual review,confirmed 2026-09-22,French freezes there itself
cam1/cam1ccf,ger,tail_hold,hold the last frame (cam1/cam1 frame 400 = 16.00s) 4.08s; German total 20.16s against the 16.08s shared video,manual review,confirmed 2026-09-22,German freezes there itself
cam1/cam1ccf,shared video + eng audio,extend_tail_from_clip,append English cam1/cam1 frames 362-400 step 2 (14.48-16.00s; 20 frames = 1.60s @12.5fps); shared video 16.08s; eng audio pad 1.60s,manual review,confirmed 2026-09-22,"continues the final rotating module seamlessly (cam1ccf last frame = cam1/cam1 frame 360, diff 1.0); the localized versions show exactly this before holding. Baked into the shared video."
cam1/cam1clz,fre,tail_black,black 2.72s after the shared end (French total 14.24s),review of a flagged automatic plan,confirmed 2026-09-22,after the baked atom fade
cam1/cam1clz,ger,tail_black,black 2.40s after the shared end (German total 13.92s),review of a flagged automatic plan,confirmed 2026-09-22,after the baked atom fade
cam1/cam1clz,shared video + eng audio,extend_tail_fade,"append English cam1/sub1_2 frames 171-183 (13.68-14.64s @12.5fps; 13 frames = 1.04s), faded linearly to black over those frames; shared video 11.52s; eng audio pad 1.04s",review of a flagged automatic plan,confirmed 2026-09-22,"cam1clz ends on the atom; its last 3 frames are pixel-identical to sub1_2 frames 168-170, so sub1_2 continues the atom seamlessly"
cam1/cam1out1,shared video + eng audio,extend_tail_cycle,"append English frames 313-317 (25.04-25.40s @12.5fps; continues the 2.0s atom-composite cycle); eng audio pad 0.40s",manual review,confirmed 2026-09-22,never a hold (the atom + inset box would look frozen). Baked into the shared video.
cam1/cam1out5,ger (edit list),tail_segment,"after the shared end, play English 24.64-26.36s, then loop English 24.36-26.36s (repeat as needed) for 4.64s",review of a flagged automatic plan,confirmed 2026-09-22,"German-only edit list; the German editors make the same jump. The end frames carry a vehicle inset (bottom right) that the loop stretch lacks, so matched on the atom only: enter at 24.64s (seamless from the last frame, as the German itself does first), play to 26.36s (the inset reappears at 26.40s), then loop the exact 2.0s cycle 24.36-26.36s (seamless; the German restarts at 24.40s, one frame off)"
cam1/sub13gam,fre audio,pad_head,silence 0.92s at start,manual review,confirmed 2026-09-22,the opening is a 2.0s cycle; French plays ~1.1 cycles against English ~1.5
cam1/sub13gam,ger audio,pad_head,silence 0.96s at start,manual review,confirmed 2026-09-22,German is at a constant -0.96s offset for the whole clip
cam1/sub17fmv,ger,tail_loop,"loop English frames 1386-1435 (55.44-57.44s @25fps, exact 2.0s atom cycle) for +6.16s",manual review,confirmed 2026-09-22,German enters the ending atom at the same time as English; no audio edits
cam1/sub1_3,eng audio,pad_head,silence 0.48s at start,manual review,confirmed 2026-09-22,"the opening is cyclic, so the shift can go at the very start"
cam1/sub1_3,fre,tail_hold,hold the last frame 3.60s (French 19.20s against the baked 15.60s),manual review,confirmed 2026-09-22,French freezes there itself; no French audio edit needed
cam1/sub1_3,ger audio,pad_head,silence 0.40s at start,manual review,confirmed 2026-09-22,"German holds the cycle one frame longer than English (cuts at frame 60, then +0.08s), so 0.48 - 0.08"
cam1/sub1_3,shared video,bake_cycle_extend,"English frames 0-58, then frames 34-39 (6 frames = 0.48s @12.5fps; the exact 2.0s opening cycle continued, frame 58 = frame 33), then the hard cut to frame 59 onwards; shared video 15.60s",manual review,confirmed 2026-09-22,"seamless: the English opening cycle (frames 25-58 = 0-33, diff <=0.5) ends with a hard cut at frame 59; the French editors did exactly this (French frames 59-64 = cycle, cut at 65)"
cam2/c002,fre (edit list),mid_hold,"hold English frame 459 (36.72s @12.5fps) for 1.04s (13 frames), then continue",manual review,confirmed 2026-09-22,French narration continues over the hold; loop length identical within a frame; constant +1.04s offset afterwards
cam2/c002,ger,tail_hold,hold the last frame 1.76s,"manual review, corrected in the consistency check",confirmed 2026-09-22,"German freezes its final frame ~1.5s itself; after the 2.24s mid hold the shared video ends at German 87.36s, so 1.76s are needed to reach the German audio end (89.12s); 1.52s would cut 0.24s of audio"
cam2/c002,ger (edit list),mid_hold,"hold English frame 459 (36.72s @12.5fps) for 2.24s (28 frames), then continue",manual review,confirmed 2026-09-22,constant +2.24s offset afterwards
cam2/cam26afm,fre,tail_black,black 2.48s after the shared end,review of a flagged automatic plan,confirmed 2026-09-22,after the baked atom fade
cam2/cam26afm,ger,per_language_video,"German timeline rebuilt from English footage by frame matching (exact parts in build_masters.PER_LANG, 25 fps output, 12.5 fps pieces doubled): sub17fmv 32.24-47.92s (15.76s head) | cam26afm 6.32-35.44s with the German's small holds and skips (incl. the flash/black transition 34.24-35.44) | c003 atom faded up from black over 2.08s (as the German does; from c003 14.08s) to 19.28, then 11.36-11.92, 52.48, 8.08-9.84 (7.84s) = 52.40s = German audio",manual review,confirmed 2026-09-22,per-language video; the German fades the c003 atom up from black (not the English cam26afm fade-in)
cam2/cam26afm,shared video + eng audio,extend_tail_fade,"append English cam1/sub1_3 frames 19-48 (1.52-3.84s @12.5fps; 30 frames = 2.38s), faded linearly to black; eng audio pad 2.38s",review of a flagged automatic plan,confirmed 2026-09-22,the English ends on the atom; near match (join max diff 16); lengthened to 2.38s so the French black stays ~2.5s
cam2/cam28apl,ger (edit list),tail_segment,"at shared 8.08s (skipping the English final 0.16s frames), play English 6.08-6.64s (repeat as needed) for 0.56s; whole cycles only, then hold the last frame (no jump back in the final frames)",review of a flagged automatic plan,confirmed 2026-09-22,"jumps where the German does (8.08s), skipping the English last 0.16s which break out of the cycle; whole cycles, then a hold, so there is no jump back just before the end; enters at 6.08s (seamless: the frame naturally after 8.04s)"
cam2/cam2_1,shared video + eng audio,trim_head,frames=11 (0.88s @12.5fps);audio_samples=19404@22050,manual review,confirmed 2026-09-22,pure black (luma 0) + digital silence; fre/ger have no lead-in
cam2/cam2_2n2,fre,per_language_video,English cam1out4 frames 406-655 (16.24-26.24s @25fps; 250 frames = 10.00s),manual review,confirmed 2026-09-22,"localized video is this shot (constant offset, spread 0.08s) chosen to fit the dubbed line; English cam2_2n2 is a different dark take"
cam2/cam2_2n2,ger,per_language_video,English cam1out4 frames 426-688 (17.04-27.56s @25fps; 263 frames = 10.52s) + hold last frame 0.04s (German audio 10.56s),manual review,confirmed 2026-09-22,constant offset spread 0.04s; cam1out4 ends 1 frame short of the German length
cam2/cam2_5,fre,accept_drift,no edit: accept the 0.32s drift over the last ~4s (after the lead-in trim),manual review,confirmed 2026-09-22,localized speech is continuous at the step
cam2/cam2_5,ger,accept_drift,no edit: accept the 0.32s drift over the last ~4s (after the lead-in trim),manual review,confirmed 2026-09-22,localized speech is continuous at the step
cam2/cam2_5,ger,tail_hold,"hold the last frame 2.32s (drift accepted, no mid hold); German total 14.32s",manual review,confirmed 2026-09-22,German freezes its last ~2.8s itself
cam2/cam2_5,shared video + eng audio,trim_head,frames=16 (1.28s @12.5fps);audio_samples=28224@22050,manual review,confirmed 2026-09-22,pure black (luma 0) + digital silence; fre/ger have no lead-in
cam2/cam2_6a,shared video + eng audio,trim_head,frames=16 (1.28s @12.5fps);audio_samples=28224@22050,manual review,confirmed 2026-09-22,pure black (luma 0) + digital silence; fre/ger have no lead-in
cam2/cam2_6b,shared video + eng audio,trim_head,frames=17 (1.36s @12.5fps);audio_samples=29988@22050,manual review,confirmed 2026-09-22,pure black (luma 0) + digital silence; fre/ger have no lead-in
cam2/cam2_8a,shared video + eng audio,trim_head,frames=6 (0.48s @12.5fps);audio_samples=10584@22050,manual review,confirmed 2026-09-22,pure black (luma 0) + digital silence; fre/ger have no lead-in
cam2/cam2_di,shared video + eng audio,trim_head,frames=14 (1.12s @12.5fps);audio_samples=24696@22050,manual review,confirmed 2026-09-22,pure black (luma 0) + digital silence; fre/ger have no lead-in
cam2/cam2acol,fre (edit list),mid_loop,"extend the exact cycle 13.20-15.20s (P=2.00s) by 6.00s: at 15.20s loop English 13.20-15.20s for 6.00s, then play English 15.20-16.08s (the fade to static)",review of a flagged automatic plan,confirmed 2026-09-22,keeps the English final fade to static at the end; the loop is inserted where the localized version leaves the English
cam2/cam2acol,ger (edit list),mid_loop,"extend the exact cycle 13.20-15.20s (P=2.00s) by 0.96s: at 15.20s loop English 13.20-15.20s for 0.96s, then play English 15.20-16.08s (the fade to static)",review of a flagged automatic plan,confirmed 2026-09-22,keeps the English final fade to static at the end; the loop is inserted where the localized version leaves the English
cam2/cam2ap,ger audio,trim_tail,"cut at 7.08s (the English end; drops the last 0.20s, quiet: -42 dBFS); remove DC first, short fade",review of a flagged automatic plan,confirmed 2026-09-22,trim instead of a 0.2-0.3s end loop
cam2/cam2ap1,ger audio,trim_tail,"cut at 7.24s (the English end; drops the last 0.28s, quiet: -39 dBFS); remove DC first, short fade",review of a flagged automatic plan,confirmed 2026-09-22,trim instead of a 0.2-0.3s end loop
cam2/cam2b,shared video + eng audio,trim_head,frames=24 (1.92s @12.5fps);audio_samples=42336@22050,manual review,confirmed 2026-09-22,pure black (luma 0) + digital silence; fre/ger have no lead-in
cam2/cam2ca,shared video + eng audio,trim_head,frames=25 (2.00s @12.5fps);audio_samples=44100@22050,manual review,confirmed 2026-09-22,pure black (luma 0) + digital silence; fre/ger have no lead-in
cam2/cam2cb,fre audio,pad_tail,silence 1.04s (8.56 -> 9.60s),manual review,confirmed 2026-09-22,English video (localized ending differs slightly; English checked with French audio)
cam2/cam2cb,ger audio,pad_tail,silence 1.04s (8.56 -> 9.60s),manual review,confirmed 2026-09-22,English video (checked with German audio)
cam2/cam2dico,fre (edit list),mid_loop,"extend the exact cycle 13.20-15.20s (P=2.00s) by 6.96s: at 15.20s loop English 13.20-15.20s for 6.96s, then play English 15.20-16.08s (the fade to static)",review of a flagged automatic plan,confirmed 2026-09-22,keeps the English final fade to static at the end; the loop is inserted where the localized version leaves the English
cam2/cam2inta,fre,tail_hold,hold English final frame 3.12s (English already holds it from 15.48s); French total 28.96s,manual review,confirmed 2026-09-22,the French atom overlay is not recreated
cam3/c003,ger (edit list),mid_loop,"extend the exact cycle 5.52-19.68s (P=2.00s) by 2.40s (German edit list: insert just before the hard cut at 19.68s, frame 246 @12.5fps; the cycle frames are 221-245)",review of a flagged automatic plan,confirmed 2026-09-22,German-only edit: the English track plays the shared video untouched
cam3/c003,ger (edit list),tail_hold,hold the last frame 0.24s,review of a flagged automatic plan,confirmed 2026-09-22,German-only edit: the English track plays the shared video untouched
cam3/c3_d1_b,fre + ger,per_language_video,"one file for fre + ger, rebuilt from English footage by frame matching (build_masters.PER_LANG): c3_d1_a 1.04-3.96s (2.96s) | c3_d1_b 0.00-3.96s = 6.96s video; edit list: German then holds its last frame fading to black over 2.00s (hold_fade; = German audio 8.96s), French holds 0.32s (= 7.28s; the French has one extra 0.08s hold at 6.24s: 0.08s drift at its very end, accepted)",manual review,confirmed 2026-09-22,"small per-language video, keeps English untouched; the German's end fades slowly to black"
cam3/c3ad1pl1,fre,tail_black,black 1.04s after the shared end,review of a flagged automatic plan,confirmed 2026-09-22,after the baked atom fade
cam3/c3ad1pl1,ger,tail_black,black 0.64s after the shared end,review of a flagged automatic plan,confirmed 2026-09-22,after the baked atom fade
cam3/c3ad1pl1,shared video + eng audio,extend_tail_fade,"append English cam3/c3ad1pl2 frames 166-191 (6.64-7.64s @25fps; 26 frames = 1.04s), faded linearly to black; eng audio pad 1.04s",review of a flagged automatic plan,confirmed 2026-09-22,the English ends on the atom; pixel-exact join
cam3/c3ad1pl2,fre,tail_black,black 0.24s after the shared end (French total 11.28s),review of a flagged automatic plan,confirmed 2026-09-22,after the baked atom fade
cam3/c3ad1pl2,ger,tail_black,black 1.44s after the shared end (German total 12.48s),review of a flagged automatic plan,confirmed 2026-09-22,after the baked atom fade
cam3/c3ad1pl2,shared video + eng audio,extend_tail_fade,"append English cam3/c3ad1pl1 frames 50-75 (2.00-3.00s @25fps; 26 frames = 1.04s), faded linearly to black; shared video 11.04s; eng audio pad 1.04s",review of a flagged automatic plan,confirmed 2026-09-22,"c3ad1pl2 ends on the atom composite; its last 3 frames are pixel-identical to c3ad1pl1 frames 47-49 (join max diff 0). Default 1.04s: the longest localized tail (German 2.48s) leaves 1.44s of black, well under the ~3s limit"
cam3/c3ad2_16,fre,none,"fit: offset 0, same length",manual review,confirmed 2026-09-22,the flagged differences are white-outs
cam3/c3ad2_16,ger,none,"fit: offset 0, same length",manual review,confirmed 2026-09-22,the flagged differences are white-outs
cam3/c3ad2pl2,fre (edit list),tail_segment,"at shared 14.04s (skipping the English final 0.88s freeze), play English 0.04-2.04s (repeat as needed) for 4.20s",review of a flagged automatic plan,confirmed 2026-09-22,"the fre editors make the same jump (at 13.96s, skipping the English final freeze). Compared on the atom only (the English exit frames carry a picture-in-picture on the right that the opening lacks): leave the English one frame later (last frame 14.00s) and enter at 0.04s -> seamless; loop 0.04-2.04s is an exact 2.0s cycle, so its wraps are seamless too (no end hold)"
cam3/c3ad2pl2,ger (edit list),tail_segment,"at shared 14.04s (skipping the English final 0.88s freeze), play English 0.04-4.04s (repeat as needed) for 4.04s; whole cycles only, then hold the last frame (no jump back in the final frames)",review of a flagged automatic plan,confirmed 2026-09-22,"the ger editors make the same jump (at 13.96s, skipping the English final freeze). Compared on the atom only (the English exit frames carry a picture-in-picture on the right that the opening lacks): leave the English one frame later (last frame 14.00s) and enter at 0.04s -> seamless. The German keeps the whole opening stretch (atom, then the distortion effect that matches the German audio): play 0.04-4.04s once + hold 0.04s (whole cycles, then a hold, so there is no jump back just before the end); the seamless entry puts the distortion 0.12s later than the German original"
cam3/c3c,fre,tail_hold_fade,"hold the last frame and fade it to black over 2.60s (linear, over the whole tail) while the audio finishes",review of a flagged automatic plan,confirmed 2026-09-22,"the localized version ends with an evil laugh fading out (not in English); the fade matches it (linear, over the whole tail)"
cam3/c3c,ger,tail_hold_fade,"hold the last frame and fade it to black over 4.84s (linear, over the whole tail) while the audio finishes",review of a flagged automatic plan,confirmed 2026-09-22,"the localized version ends with an evil laugh fading out (not in English); the fade matches it (linear, over the whole tail)"
cam3/cam31bpl,fre (edit list),tail_segment,"after the shared end, play English 8.04-10.04s (repeat as needed) for 1.32s",review of a flagged automatic plan,confirmed 2026-09-22,"same loop segment as the German (8.04-10.04s: the last frame 250 = frame 200, so 8.04s follows seamlessly; an exact 2.0s cycle)"
cam3/cam31bpl,ger (edit list),tail_segment,"after the shared end, play English 8.04-10.04s (repeat as needed) for 1.96s; whole cycles only, then hold the last frame (no jump back in the final frames)",review of a flagged automatic plan,confirmed 2026-09-22,"8.04-10.04s (the last frame 250 = frame 200, so 8.04s follows seamlessly; an exact 2.0s cycle); whole cycles, then a hold, so there is no jump back just before the end"
cam3/cam32a2,ger,tail_hold_fade,hold the last frame and fade it to black over 0.72s (linear) while the audio finishes,review of a flagged automatic plan,confirmed 2026-09-22,no English footage continues the ending; the hold is very short
cam3/cam32alp,ger (edit list),tail_segment,"play 0-18.04s (frames 0-450 @25fps), then loop English 0.00-2.00s (frames 0-49) until the audio ends (+7.56s)",manual review,confirmed 2026-09-22,English freezes its last 0.80s; German loops the opening atom cycle instead; the jump is seamless (clip ends in its opening state)
cam3/cam32pl2,ger,tail_hold_fade,"hold the last frame and fade it to black over 1.08s (linear) after the shared end, while the audio finishes",review of a flagged automatic plan,confirmed 2026-09-22,the jump-back into English 2.32-3.64s looked odd (no good match); hold + fade instead
cam3/cam3_4a,fre audio,pad_head,silence 0.80s at start (French then ends exactly at 12.72s),manual review,confirmed 2026-09-22,French cut ~0.8s of the frozen English opening; German = English exactly
cam3/cam3ab,ger audio,trim_tail,cut at 13.28s (English end) with a short fade; drops a 3.28s sound-effect tail,manual review,confirmed 2026-09-22,the German picture is just 3.28s of black there; trimmed (no picture extension)
cam3/cam3aba,fre,tail_black,cut to black 0.64s after the English end (French total 24.48s),manual review,confirmed 2026-09-22,as the French editors did
cam3/cam3abf,fre (edit list),loop,"segment=frames 43-84 (3.44-6.76s @12.5fps); play 0-84, repeat 43-84 x1 (+3.36s), continue at 85",manual review,confirmed 2026-09-22,full rotation avoids the angle jump of a partial 2.24s loop; keyframe at frame 43
cam3/cam3abf,fre audio,pad_head,silence=1.12s (24696 samples @22050),manual review,confirmed 2026-09-22,French needs +2.24s but one full rotation adds +3.36s; the silent start during the fade-in from black sounded better than stretching the ~8.9s pause
cam3/cam3abf,ger (edit list),loop,"segment=frames 43-84 (3.44-6.76s @12.5fps, one rotation = 42 frames); play 0-84, repeat 43-84 x7 (+23.52s), continue at 85",manual review,confirmed 2026-09-22,loop seam mean diff ~3.9 (English rotations drift slightly in tint); force keyframe at frame 43; subtitle clock pauses during repeats
cam3/cam3abpl,shared video + eng audio,extend_tail_from_clip,"append English cam3/cam3cpl1 frames 76-91 (3.04-3.64s @25fps; 16 frames = 0.64s): the same atom rendition, continuing from cam3abpl's last frame (~ cam3cpl1 frame 75, diff 5.3); shared video 8.72s; eng audio pad 0.64s",review of a flagged automatic plan,confirmed 2026-09-22,"English ends as the atom appears, German continues it 0.64s; cam3cpl1 2.92-3.64s matches the German atom tail (normalized dist 0.02). Baked into the shared video: the other tracks just get 0.64s of silence at the end"
cam3/cam3bpl,shared video + eng audio,patch_tail,"video: English frames 0-249 (0-10.00s @25fps) then English frames 24-101 (0.96-4.08s, clean 2.0s opening atom cycle) replacing the 2.04s end freeze; total 13.12s. eng audio: pad 1.04s silence at end",manual review,confirmed 2026-09-22,English froze under ongoing audio; German editors made the same jump back into the cycle; baked to the German length, so German needs no edit list
cam3/cam3cbet,ger (edit list),tail_segment,"after the shared end, play English 0.80-4.92s (repeat as needed) for 3.72s",review of a flagged automatic plan,confirmed 2026-09-22,"jumps after the shared end (the automatic plan would jump at 8.36s, skipping 0.80s of English)"
cam3/cam3int,fre,tail_black,black 0.48s after the shared end,review of a flagged automatic plan,confirmed 2026-09-22,after the baked atom fade
cam3/cam3int,shared video + eng audio,extend_tail_fade,"append English cam3/c003 frames 231-243 (18.48-19.44s @12.5fps; 13 frames = 1.04s), faded linearly to black; eng audio pad 1.04s",review of a flagged automatic plan,confirmed 2026-09-22,the English ends on the atom; pixel-exact join
cam3/cam3intb,ger,tail_black,black 2.00s after the shared end,review of a flagged automatic plan,confirmed 2026-09-22,after the baked atom fade
cam3/cam3intb,shared video + eng audio,extend_tail_fade,"append English cam1/cam1out3 frames 43-67 step 2 (1.72-2.68s @25fps; 13 frames = 1.04s @12.5fps), faded linearly to black; eng audio pad 1.04s",review of a flagged automatic plan,confirmed 2026-09-22,"the English ends on the atom; weak match (join max diff 32), judged fine by eye"
devastation,fre,tail_hold,hold the black last frame ~0.4s after the English end (following the French trim),manual review,confirmed 2026-09-22,picture already black from 114.24s
devastation,fre audio,trim_tail,"cut after last sound at 117.72s (keep ~117.8s, short fade); drops 4.2s of digital silence",manual review,confirmed 2026-09-22,picture ends 114.24s in all versions then black; French then needs ~0.4s past the English end (black tail hold)
devastation,ger,tail_hold,hold the black last frame ~0.3s if needed (following the German trim),manual review,confirmed 2026-09-22,picture already black from 114.24s
devastation,ger audio,trim_tail,"remove DC offset first (tail sits at -376 = -39 dBFS DC), then cut after the fade-out (~117.6s) with a short fade; drops ~4.3s of DC-offset silence",manual review,confirmed 2026-09-22,cutting without DC removal would click; the German then ends within ~0.3s of the English (black tail hold if needed)
outro,ger,tail_black,black 1.92s after the shared end,review of a flagged automatic plan,confirmed 2026-09-22,black after the shared end while the quiet German tail finishes
cam3/c3ad2pl4,shared video,replace_video,use English cam3/cam31bpl frames 0-250 (10.04s) then cam31bpl frames 201-234 (continuing its exact 2.0s end cycle; frame 250 = frame 200): 285 frames = 11.40s = the English audio length,review of a flagged automatic plan,confirmed 2026-09-23,the English c3ad2pl4 is the same atom loop with heavy cumulative compression artifacts; eng audio unchanged
cam3/c3ad2pl4,fre (edit list),tail_segment,"after the shared end, play shared 9.40-11.40s (repeat as needed) for 2.20s",review of a flagged automatic plan,confirmed 2026-09-23,"seamless: exactly one 2.0s cycle of the shared video (cam31bpl phase 235-250, 201-234)"
cam3/c3ad2pl4,ger (edit list),tail_segment,"after the shared end, play shared 9.40-11.40s (repeat as needed) for 2.92s",review of a flagged automatic plan,confirmed 2026-09-23,"seamless: exactly one 2.0s cycle of the shared video (cam31bpl phase 235-250, 201-234)"
cam2/cam2cbpl,ger (edit list),tail_segment,"after the shared end, play shared 7.28-9.24s (repeat as needed) for 1.64s",review of a flagged automatic plan,confirmed 2026-09-23,"seamless: the English last frame 230 = frame 181, so the tail continues with frame 182 (the auto plan's jump to 5.96s had a motion jump)"
cam3/cam3abf,fre,tail_black,black 0.56s after the shared end,consistency check,confirmed 2026-09-23,"the English fades to black at its end, so this equals a hold; covers the French audio after the loop (+3.36s) and the 1.12s head pad (quiet tail, -40 dBFS)"
cam3/cam3abf,ger,tail_black,black 0.40s after the shared end,consistency check,confirmed 2026-09-23,"the English fades to black at its end, so this equals a hold; covers the German audio after the 7 loops (+23.52s; quiet tail, -42 dBFS)"
cam1/sub1_3,ger,per_language_video,"German video: the shared video (15.60s) + hold its last frame 1.84s + English cam1/sub1_2 frames 131-213 (10.48-17.04s @12.5fps; 83 frames = 6.64s, the German's stock atom, exact match) = 24.08s = German audio 23.68s + the 0.40s head pad",consistency check,confirmed 2026-09-23,German narration runs 8.48s past the shared video; its editors cut from the map to the atom at German 17.04s (timeline 17.44s); the ger audio pad_head 0.40s row still applies
cam1/map1cexp,fre (edit list),mid_skip,"skip shared 16.04-20.04s (3.96s, inside the English still 7.64-20.00s; exactly where the French video cuts): play 0-16.04s, then 20.04-43.56s; French audio untouched",manual review,confirmed 2026-09-23,"instead of room-tone gap inserts (1.30s at 11.62s + 2.66s at 15.00s) and a 0.80s end pad; the skip lands on the first frame after the still, so it is invisible"
cam3/cam3bpl,fre audio,trim_tail,"cut at 12.04s (localized time; the remaining 0.12s is effectively silent, -47 dBFS); remove DC first, short fade",manual review,confirmed 2026-09-23,"no gap insert (the automatic plan inserts 1.08s of room tone at 10.30s): after 10s the picture is the baked atom cycle, so the French audio may run 1.08s ahead of it; the French then ends ~1.1s before the picture"
cam2/cam2bcol,fre (edit list),mid_loop,"extend the exact cycle 1.28-24.00s (P=2.00s) by 13.04s: at 24.00s loop English 22.00-24.00s for 13.04s, then play English 24.00-25.04s (the fade to static)",manual review,confirmed 2026-09-23,loops 22.00-24.00s: the automatic plan's 22.48-24.48s carries the first 0.48s of the fade to static (starts at 24.00s) into every repeat; the cycle is exact up to 23.92s
cam2/cam2bcol,ger (edit list),mid_loop,"extend the exact cycle 1.28-24.00s (P=2.00s) by 6.08s: at 24.00s loop English 22.00-24.00s for 6.08s, then play English 24.00-25.04s (the fade to static)",manual review,confirmed 2026-09-23,loops 22.00-24.00s: the automatic plan's 22.48-24.48s carries the first 0.48s of the fade to static (starts at 24.00s) into every repeat; the cycle is exact up to 23.92s
cam2/cam2_di,ger,per_language_video,"German video rebuilt from English footage by frame matching (build_masters.PER_LANG, 12.5 fps): the English cam2_di as the German shows it (with its small holds and skips; opens with 2 frames of sub1_2) to German 12.16s, then the German stock atom from English c003 / sub1_2 / cam26pl1 (exact matches) = 24.00s = German audio",manual review,confirmed 2026-09-23,"replaces the auto tail hold (9-11 s, looked frozen): the German cuts to a stock atom there"
cam2/cam2ca,ger,per_language_video,"German video rebuilt from English footage by frame matching (build_masters.PER_LANG, 12.5 fps): English cam2ca to German 8.16s (the German drops English 8.16-11.92s), then the German stock atom from English c003 / sub1_2 / cam26pl1 (exact matches) = 21.20s = German audio",manual review,confirmed 2026-09-23,"replaces the auto tail hold (9-11 s, looked frozen): the German cuts to a stock atom there"
transport,ger,per_language_video,"German video rebuilt from English footage (build_masters.PER_LANG, 25 fps): English transport 0-10.04s (to its end), hold its last frame to German 13.68s, then the German stock atom from English sub1_2 10.48-16.24s (exact match) = 19.52s = German audio",manual review,confirmed 2026-09-23,"instead of a tail hold (9-11 s, looks frozen): the German cuts to a stock atom there; the German's back-and-forth over English 8.76-9.24s is left out (no visible difference)"
