sequence,lang,duration_s,planned_s,gain_db,note
brfcom,eng,2.400,2.400,-1.20,
brfcom,fre,2.320,2.320,-3.40,
brfcom,ger,2.880,2.880,-4.60,
brfcom4s,eng,4.000,4.000,-0.50,
brfcom4s,fre,4.000,4.000,-3.10,
brfcom4s,ger,4.000,4.000,-4.70,
c001,eng,67.080,67.080,-1.70,
c001,ger,same as eng,,,
cam1/c001,eng,71.080,71.080,-1.60,
cam1/c001,fre,71.080,71.080,-2.40,
cam1/c001,ger,74.640,74.640,-2.70,
cam1/c001end,eng,33.760,33.760,-3.00,
cam1/c001end,fre,35.040,35.040,-3.00,
cam1/c001end,ger,33.680,33.680,-3.40,
cam1/c001pl,eng,4.560,4.560,-0.30,
cam1/c001pl,fre,4.560,4.560,-3.70,
cam1/c001pl,ger,4.560,4.560,-5.70,
cam1/cam1,eng,19.680,19.680,-0.10,
cam1/cam1,fre,19.680,19.680,-5.20,
cam1/cam1,ger,23.440,23.440,-5.40,
cam1/cam1ac,eng,12.000,12.000,+0.90,
cam1/cam1ac,fre,12.000,12.000,-4.50,
cam1/cam1ac,ger,12.000,12.000,-5.70,
cam1/cam1acp,eng,9.200,9.200,+0.00,
cam1/cam1acp,fre,9.200,9.200,-4.80,
cam1/cam1acp,ger,9.520,9.520,-5.80,
cam1/cam1ascv,eng,8.160,8.160,+1.40,
cam1/cam1ascv,fre,8.160,8.160,-4.90,
cam1/cam1ascv,ger,9.760,9.760,-7.30,
cam1/cam1b,eng,20.000,20.000,+2.10,
cam1/cam1b,fre,20.000,20.000,-6.10,
cam1/cam1b,ger,20.000,20.000,-7.90,
cam1/cam1b_p,eng,10.200,10.200,+1.40,
cam1/cam1b_p,fre,10.200,10.200,-5.90,
cam1/cam1b_p,ger,10.200,10.200,-6.60,
cam1/cam1bpow,eng,12.800,12.800,+1.40,
cam1/cam1bpow,fre,13.440,13.440,-6.10,
cam1/cam1bpow,ger,14.720,14.720,-6.60,
cam1/cam1ca,eng,20.720,20.720,+0.60,
cam1/cam1ca,fre,20.720,20.720,-4.70,
cam1/cam1ca,ger,20.720,20.720,-5.70,
cam1/cam1capl,eng,13.200,13.200,+0.60,
cam1/cam1capl,fre,13.200,13.200,-5.50,
cam1/cam1capl,ger,16.400,16.400,-6.40,
cam1/cam1ccf,eng,16.080,16.080,+0.90,
cam1/cam1ccf,fre,18.160,18.160,-5.20,
cam1/cam1ccf,ger,20.160,20.160,-6.30,
cam1/cam1ccom,eng,19.200,19.200,+0.60,
cam1/cam1ccom,fre,19.200,19.200,-5.70,
cam1/cam1ccom,ger,23.600,23.600,-6.50,
cam1/cam1clz,eng,11.520,11.520,+1.40,
cam1/cam1clz,fre,14.240,14.240,-5.70,
cam1/cam1clz,ger,13.920,13.920,-6.90,
cam1/cam1cnp,eng,17.520,17.520,-0.40,
cam1/cam1cnp,fre,17.520,17.520,+0.30,
cam1/cam1cnp,ger,20.400,20.400,-1.40,
cam1/cam1d,eng,12.000,12.000,+0.40,
cam1/cam1d,fre,13.600,13.600,-5.40,
cam1/cam1d,ger,14.240,14.240,-6.00,
cam1/cam1dnp,eng,18.360,18.360,-0.10,
cam1/cam1dnp,fre,18.360,18.360,-0.80,
cam1/cam1dnp,ger,18.360,18.360,-1.40,
cam1/cam1dp1,eng,7.640,7.640,+0.00,
cam1/cam1dp1,fre,7.640,7.640,-4.90,
cam1/cam1dp1,ger,7.640,7.640,-5.80,
cam1/cam1dp2,eng,7.320,7.320,+0.20,
cam1/cam1dp2,fre,7.360,7.360,-4.70,
cam1/cam1dp2,ger,8.640,8.640,-5.70,
cam1/cam1out1,eng,27.440,27.440,+0.60,
cam1/cam1out1,fre,27.440,27.440,-5.80,
cam1/cam1out1,ger,27.440,27.440,-6.20,
cam1/cam1out2,eng,37.560,37.560,-0.10,
cam1/cam1out2,fre,37.600,37.600,-5.50,
cam1/cam1out2,ger,37.600,37.600,-4.20,
cam1/cam1out3,eng,4.880,4.880,-0.10,
cam1/cam1out3,fre,4.880,4.880,-5.50,
cam1/cam1out3,ger,4.880,4.880,-5.10,
cam1/cam1out4,eng,27.560,27.560,-2.20,
cam1/cam1out4,fre,27.600,27.600,-3.60,
cam1/cam1out4,ger,27.600,27.600,-3.40,
cam1/cam1out5,eng,36.640,36.640,+0.40,
cam1/cam1out5,fre,36.640,36.640,-5.60,
cam1/cam1out5,ger,41.280,41.280,-5.90,
cam1/cam1out6,eng,4.120,4.120,-1.10,
cam1/cam1out6,fre,4.120,4.120,-3.80,
cam1/cam1out6,ger,4.120,4.120,-4.70,
cam1/map1a_c,eng,76.640,76.640,+0.80,
cam1/map1a_c,fre,78.400,78.400,-5.40,
cam1/map1a_c,ger,82.240,82.240,-6.50,
cam1/map1c,eng,9.120,9.120,+0.00,
cam1/map1c,fre,9.120,9.120,-4.10,
cam1/map1c,ger,12.480,12.480,-5.80,
cam1/map1cexp,eng,43.560,43.560,+1.10,
cam1/map1cexp,fre,38.800,38.800,-5.80,
cam1/map1cexp,ger,47.360,47.360,-6.60,
cam1/sub12pt2,eng,8.080,8.080,+2.50,
cam1/sub12pt2,fre,8.080,8.080,-6.40,
cam1/sub12pt2,ger,9.600,9.600,-7.20,
cam1/sub13bet,eng,21.360,21.360,-0.40,
cam1/sub13bet,fre,21.360,21.360,-3.00,
cam1/sub13bet,ger,21.360,21.360,-8.50,
cam1/sub13gam,eng,15.800,15.800,-1.10,
cam1/sub13gam,fre,11.960,11.960,-3.10,
cam1/sub13gam,ger,12.400,12.400,-3.20,
cam1/sub13np1,eng,22.120,22.120,-0.20,
cam1/sub13np1,fre,22.120,22.120,-0.90,
cam1/sub13np1,ger,23.200,23.200,-1.60,
cam1/sub13np2,eng,16.200,16.200,-0.30,
cam1/sub13np2,fre,16.200,16.200,-1.20,
cam1/sub13np2,ger,17.760,17.760,-1.40,
cam1/sub14anp,eng,15.800,15.800,+0.00,
cam1/sub14anp,fre,15.800,15.800,-2.20,
cam1/sub14anp,ger,15.800,15.800,-1.10,
cam1/sub14bpl,eng,6.240,6.240,-0.10,
cam1/sub14bpl,fre,6.240,6.240,-4.30,
cam1/sub14bpl,ger,6.240,6.240,-5.80,
cam1/sub17fmv,eng,57.440,57.440,+0.90,
cam1/sub17fmv,fre,58.800,58.800,-5.90,
cam1/sub17fmv,ger,63.600,63.600,-7.20,
cam1/sub1_1,eng,17.920,17.920,+1.50,
cam1/sub1_1,fre,25.360,25.360,-5.90,
cam1/sub1_1,ger,26.320,26.320,-7.20,
cam1/sub1_1p,eng,4.640,4.640,+0.10,
cam1/sub1_1p,fre,4.640,4.640,-5.70,
cam1/sub1_1p,ger,4.640,4.640,-6.80,
cam1/sub1_2,eng,25.280,25.280,+2.10,
cam1/sub1_2,fre,27.360,27.360,-6.70,
cam1/sub1_2,ger,31.600,31.600,-8.10,
cam1/sub1_3,eng,15.600,15.600,+2.90,
cam1/sub1_3,fre,19.200,19.200,-7.00,
cam1/sub1_3,ger,24.080,24.080,-8.90,
cam1/sub1_3p1,eng,6.120,6.120,+0.00,
cam1/sub1_3p1,fre,6.120,6.120,-3.40,
cam1/sub1_3p1,ger,6.120,6.120,-5.70,
cam1/sub1_4,eng,13.120,13.120,+0.70,
cam1/sub1_4,fre,16.560,16.560,-5.50,
cam1/sub1_4,ger,17.440,17.440,-6.10,
cam1/sub1_4b,eng,11.760,11.760,+0.50,
cam1/sub1_4b,fre,11.760,11.760,-4.70,
cam1/sub1_4b,ger,14.800,14.800,-6.10,
cam1/sub1_4bn,eng,15.880,15.880,-1.00,
cam1/sub1_4bn,fre,15.880,15.880,-3.70,
cam1/sub1_4bn,ger,15.880,15.880,-2.40,
cam1/sub1_4pl,eng,6.680,6.680,-0.40,
cam1/sub1_4pl,fre,6.680,6.680,-3.40,
cam1/sub1_4pl,ger,6.680,6.680,-6.20,
cam1/sub1_5,eng,16.560,16.560,+0.90,
cam1/sub1_5,fre,16.560,16.560,-4.00,
cam1/sub1_5,ger,18.160,18.160,-6.80,
cam1/sub1_5pl,eng,7.920,7.920,+0.20,
cam1/sub1_5pl,fre,16.880,16.880,-5.40,
cam1/sub1_5pl,ger,9.520,9.520,-5.50,
cam1/sub1_7,eng,10.480,10.480,+1.10,
cam1/sub1_7,fre,11.280,11.280,-6.20,
cam1/sub1_7,ger,13.440,13.440,-6.80,
cam1/sub1_7b,eng,8.560,8.560,+0.10,
cam1/sub1_7b,fre,8.560,8.560,-4.70,
cam1/sub1_7b,ger,9.360,9.360,-5.60,
cam1/sub1_7pl,eng,24.480,24.480,+1.00,
cam1/sub1_7pl,fre,24.560,24.560,-6.30,
cam1/sub1_7pl,ger,30.800,30.800,-7.20,
cam2/c002,eng,85.120,85.120,-1.50,
cam2/c002,fre,86.080,86.080,-3.50,
cam2/c002,ger,89.120,89.120,-3.80,
cam2/c2diif2,eng,16.000,16.000,+0.80,
cam2/c2diif2,fre,17.120,17.120,-4.60,
cam2/c2diif2,ger,16.000,16.000,-6.20,
cam2/cam22fmv,eng,75.520,75.520,+1.20,
cam2/cam22fmv,fre,75.520,75.520,-7.00,
cam2/cam22fmv,ger,87.760,87.760,-7.30,
cam2/cam22pl1,eng,16.280,16.280,+0.80,
cam2/cam22pl1,fre,16.280,16.280,-6.00,
cam2/cam22pl1,ger,17.280,17.280,-5.80,
cam2/cam22pl2,eng,6.240,6.240,+1.10,
cam2/cam22pl2,fre,6.240,6.240,-6.10,
cam2/cam22pl2,ger,7.680,7.680,-6.90,
cam2/cam22pl3,eng,4.800,4.800,+0.10,
cam2/cam22pl3,fre,5.520,5.520,-5.00,
cam2/cam22pl3,ger,6.800,6.800,-6.00,
cam2/cam26afm,eng,42.780,42.780,+0.10,
cam2/cam26afm,fre,45.280,45.280,-6.10,
cam2/cam26afm,ger,52.400,52.400,-6.20,
cam2/cam26bfm,eng,24.520,24.520,+3.30,
cam2/cam26bfm,fre,24.560,24.560,-6.10,
cam2/cam26bfm,ger,24.560,24.560,-7.90,
cam2/cam26pl1,eng,14.160,14.160,+0.30,
cam2/cam26pl1,fre,15.680,15.680,-5.20,
cam2/cam26pl1,ger,18.000,18.000,-5.90,
cam2/cam26pl2,eng,8.640,8.640,+1.60,
cam2/cam26pl2,fre,11.520,11.520,-6.70,
cam2/cam26pl2,ger,12.080,12.080,-7.30,
cam2/cam27fmv,eng,23.120,23.120,+0.10,
cam2/cam27fmv,fre,23.120,23.120,-5.20,
cam2/cam27fmv,ger,24.720,24.720,-6.20,
cam2/cam28apl,eng,8.240,8.240,-0.60,
cam2/cam28apl,fre,8.240,8.240,-4.30,
cam2/cam28apl,ger,8.640,8.640,-5.70,
cam2/cam2_1,eng,13.920,13.920,+0.80,
cam2/cam2_1,fre,14.880,14.880,-5.10,
cam2/cam2_1,ger,15.840,15.840,-6.20,
cam2/cam2_2,eng,18.000,18.000,+2.90,
cam2/cam2_2,fre,18.560,18.560,-7.80,
cam2/cam2_2,ger,20.800,20.800,-8.70,
cam2/cam2_2n,eng,26.400,26.400,-0.70,
cam2/cam2_2n,fre,26.400,26.400,-3.80,
cam2/cam2_2n,ger,26.400,26.400,-3.90,
cam2/cam2_2n2,eng,9.600,9.600,-1.40,
cam2/cam2_2n2,fre,10.000,10.000,-4.80,
cam2/cam2_2n2,ger,10.560,10.560,-4.40,
cam2/cam2_5,eng,12.000,12.000,+0.30,
cam2/cam2_5,fre,12.000,12.000,-4.00,
cam2/cam2_5,ger,14.320,14.320,-5.90,
cam2/cam2_5pl,eng,12.560,12.560,-0.50,
cam2/cam2_5pl,fre,12.560,12.560,-4.30,
cam2/cam2_5pl,ger,13.840,13.840,-5.00,
cam2/cam2_6a,eng,12.640,12.640,+2.10,
cam2/cam2_6a,fre,12.640,12.640,-7.00,
cam2/cam2_6a,ger,12.640,12.640,-8.20,
cam2/cam2_6b,eng,12.000,12.000,+1.60,
cam2/cam2_6b,fre,12.000,12.000,-4.90,
cam2/cam2_6b,ger,12.000,12.000,-6.70,
cam2/cam2_7,eng,16.000,16.000,+1.80,
cam2/cam2_7,fre,16.000,16.000,-6.80,
cam2/cam2_7,ger,16.480,16.480,-7.90,
cam2/cam2_8a,eng,14.240,14.240,-0.40,
cam2/cam2_8a,fre,14.240,14.240,-4.50,
cam2/cam2_8a,ger,16.720,16.720,-5.60,
cam2/cam2_di,eng,13.040,13.040,+0.20,
cam2/cam2_di,fre,14.160,14.160,-4.70,
cam2/cam2_di,ger,24.000,24.000,-5.90,
cam2/cam2_diib,eng,19.720,19.720,+2.20,
cam2/cam2_diib,fre,same as eng,,,
cam2/cam2_diib,ger,same as eng,,,
cam2/cam2acol,eng,16.080,16.080,-0.40,
cam2/cam2acol,fre,22.080,22.080,-3.70,
cam2/cam2acol,ger,17.040,17.040,-3.70,
cam2/cam2ap,eng,7.080,7.080,+0.10,
cam2/cam2ap,fre,7.080,7.080,-3.90,
cam2/cam2ap,ger,7.080,7.080,-5.90,
cam2/cam2ap1,eng,7.240,7.240,-0.20,
cam2/cam2ap1,fre,7.240,7.240,-4.10,
cam2/cam2ap1,ger,7.240,7.240,-5.80,
cam2/cam2b,eng,12.720,12.720,+1.70,
cam2/cam2b,fre,12.800,12.800,-6.60,
cam2/cam2b,ger,14.480,14.480,-7.90,
cam2/cam2bcol,eng,25.040,25.040,+0.30,
cam2/cam2bcol,fre,38.080,38.080,-4.30,
cam2/cam2bcol,ger,31.120,31.120,-4.90,
cam2/cam2bpl,eng,8.240,8.240,+0.70,
cam2/cam2bpl,fre,8.240,8.240,-4.80,
cam2/cam2bpl,ger,8.240,8.240,-5.90,
cam2/cam2ca,eng,11.920,11.920,+0.80,
cam2/cam2ca,fre,17.440,17.440,-5.60,
cam2/cam2ca,ger,21.200,21.200,-6.30,
cam2/cam2capl,eng,8.120,8.120,-0.20,
cam2/cam2capl,fre,8.480,8.480,-4.20,
cam2/cam2capl,ger,10.320,10.320,-4.20,
cam2/cam2cb,eng,9.600,9.600,+0.60,
cam2/cam2cb,fre,9.600,9.600,-4.10,
cam2/cam2cb,ger,9.600,9.600,-5.60,
cam2/cam2cbpl,eng,9.240,9.240,-0.20,
cam2/cam2cbpl,fre,9.240,9.240,-5.10,
cam2/cam2cbpl,ger,10.880,10.880,-5.40,
cam2/cam2dico,eng,16.080,16.080,+0.40,
cam2/cam2dico,fre,23.040,23.040,-4.50,
cam2/cam2dico,ger,16.080,16.080,-4.60,
cam2/cam2diib,eng,19.760,19.760,+2.20,
cam2/cam2diib,fre,19.760,19.760,-6.70,
cam2/cam2diib,ger,19.760,19.760,-7.50,
cam2/cam2diif,eng,13.120,13.120,+0.10,
cam2/cam2diif,fre,20.000,20.000,-4.60,
cam2/cam2diif,ger,18.320,18.320,-5.80,
cam2/cam2diin,eng,22.080,22.080,-1.30,
cam2/cam2diin,fre,22.080,22.080,-4.30,
cam2/cam2diin,ger,22.080,22.080,-4.80,
cam2/cam2diip,eng,6.680,6.680,-1.00,
cam2/cam2diip,fre,6.680,6.680,-2.80,
cam2/cam2diip,ger,6.680,6.680,-4.90,
cam2/cam2dipl,eng,4.160,4.160,-0.50,
cam2/cam2dipl,fre,4.160,4.160,-3.20,
cam2/cam2dipl,ger,4.160,4.160,-4.50,
cam2/cam2int1,eng,58.720,58.720,-2.30,
cam2/cam2int1,fre,same as eng,,,
cam2/cam2int1,ger,same as eng,,,
cam2/cam2int2,eng,48.360,48.360,-1.50,
cam2/cam2int2,fre,same as eng,,,
cam2/cam2int2,ger,same as eng,,,
cam2/cam2inta,eng,25.840,25.840,+0.90,
cam2/cam2inta,fre,28.960,28.960,-5.60,
cam2/cam2inta,ger,26.960,26.960,-5.60,
cam2/cam2intb,eng,11.200,11.200,-0.10,
cam2/cam2intb,fre,11.920,11.920,-4.70,
cam2/cam2intb,ger,11.200,11.200,-5.20,
cam2/cam2out,eng,27.280,27.280,-5.20,
cam2/cam2out,fre,same as eng,,,
cam2/cam2out,ger,same as eng,,,
cam3/c003,eng,64.560,64.560,-1.80,
cam3/c003,fre,65.920,65.920,-3.40,
cam3/c003,ger,67.200,67.200,-4.50,
cam3/c3_d1_a,eng,10.760,10.760,+1.00,
cam3/c3_d1_a,fre,11.440,11.440,-5.30,
cam3/c3_d1_a,ger,13.040,13.040,-7.50,
cam3/c3_d1_b,eng,6.960,6.960,+1.30,
cam3/c3_d1_b,fre,7.280,7.280,-6.10,
cam3/c3_d1_b,ger,8.960,8.960,-7.50,
cam3/c3ad1pl1,eng,9.680,9.680,+0.30,
cam3/c3ad1pl1,fre,10.720,10.720,-5.50,
cam3/c3ad1pl1,ger,10.320,10.320,-6.60,
cam3/c3ad1pl2,eng,11.040,11.040,+0.00,
cam3/c3ad1pl2,fre,11.280,11.280,-4.90,
cam3/c3ad1pl2,ger,12.480,12.480,-5.40,
cam3/c3ad1pl3,eng,2.720,2.720,+0.20,
cam3/c3ad1pl3,fre,2.880,2.880,-4.50,
cam3/c3ad1pl3,ger,3.040,3.040,-6.50,
cam3/c3ad2_09,eng,17.800,17.800,+1.00,
cam3/c3ad2_09,fre,18.000,18.000,-4.90,
cam3/c3ad2_09,ger,18.880,18.880,-6.00,
cam3/c3ad2_12,eng,10.440,10.440,+0.20,
cam3/c3ad2_12,fre,12.400,12.400,-5.90,
cam3/c3ad2_12,ger,11.840,11.840,-5.80,
cam3/c3ad2_14,eng,14.520,14.520,+0.30,
cam3/c3ad2_14,fre,14.560,14.560,-5.50,
cam3/c3ad2_14,ger,15.120,15.120,-5.90,
cam3/c3ad2_16,eng,30.480,30.480,-2.30,
cam3/c3ad2_16,fre,30.480,30.480,-2.90,
cam3/c3ad2_16,ger,30.480,30.480,-2.70,
cam3/c3ad2_17,eng,22.600,22.600,-2.50,
cam3/c3ad2_17,fre,same as eng,,,
cam3/c3ad2_17,ger,same as eng,,,
cam3/c3ad2n2,eng,8.680,8.680,-2.20,
cam3/c3ad2n2,fre,8.680,8.680,-0.60,
cam3/c3ad2n2,ger,8.720,8.720,+0.50,
cam3/c3ad2pl1,eng,14.000,14.000,-0.10,
cam3/c3ad2pl1,fre,15.040,15.040,-5.30,
cam3/c3ad2pl1,ger,16.720,16.720,-4.90,
cam3/c3ad2pl2,eng,14.920,14.920,+0.60,
cam3/c3ad2pl2,fre,18.240,18.240,-6.40,
cam3/c3ad2pl2,ger,18.080,18.080,-6.90,
cam3/c3ad2pl3,eng,7.680,7.680,-3.30,
cam3/c3ad2pl3,fre,9.680,9.680,-2.10,
cam3/c3ad2pl3,ger,7.680,7.680,-2.60,
cam3/c3ad2pl4,eng,11.400,11.400,+1.00,
cam3/c3ad2pl4,fre,13.600,13.600,-6.30,
cam3/c3ad2pl4,ger,14.320,14.320,-7.20,
cam3/c3c,eng,10.440,10.440,+0.00,
cam3/c3c,fre,13.040,13.040,-0.70,
cam3/c3c,ger,15.280,15.280,-0.30,
cam3/cam31bpl,eng,10.040,10.040,-0.40,
cam3/cam31bpl,fre,11.360,11.360,-4.50,
cam3/cam31bpl,ger,12.000,12.000,-5.80,
cam3/cam31g2,eng,11.440,11.440,-1.40,
cam3/cam31g2,fre,12.560,12.560,-3.70,
cam3/cam31g2,ger,13.360,13.360,-4.90,
cam3/cam31gam,eng,16.440,16.440,+0.40,
cam3/cam31gam,fre,16.440,16.440,-5.60,
cam3/cam31gam,ger,17.360,17.360,-4.10,
cam3/cam32a2,eng,11.920,11.920,-0.90,
cam3/cam32a2,fre,11.920,11.920,-4.00,
cam3/cam32a2,ger,12.640,12.640,-4.70,
cam3/cam32alp,eng,18.880,18.880,-0.90,
cam3/cam32alp,fre,18.880,18.880,-3.90,
cam3/cam32alp,ger,25.600,25.600,-3.60,
cam3/cam32pl,eng,22.840,22.840,+0.10,
cam3/cam32pl,fre,23.920,23.920,-5.60,
cam3/cam32pl,ger,29.920,29.920,-5.70,
cam3/cam32pl2,eng,8.600,8.600,+0.10,
cam3/cam32pl2,fre,8.600,8.600,-4.00,
cam3/cam32pl2,ger,9.680,9.680,-6.20,
cam3/cam32pl3,eng,8.000,8.000,-0.50,
cam3/cam32pl3,fre,8.000,8.000,-3.70,
cam3/cam32pl3,ger,8.960,8.960,-5.20,
cam3/cam34fmv,eng,12.040,12.040,-5.10,
cam3/cam34fmv,fre,same as eng,,,
cam3/cam34fmv,ger,same as eng,,,
cam3/cam34mu1,eng,8.920,8.920,-0.40,
cam3/cam34mu1,fre,12.960,12.960,-5.10,
cam3/cam34mu1,ger,11.360,11.360,-5.60,
cam3/cam34mu2,eng,10.080,10.080,-1.40,
cam3/cam34mu2,fre,10.080,10.080,-3.60,
cam3/cam34mu2,ger,10.880,10.880,-3.10,
cam3/cam3_1,eng,12.000,12.000,+0.20,
cam3/cam3_1,fre,12.000,12.000,-3.90,
cam3/cam3_1,ger,12.000,12.000,-6.50,
cam3/cam3_1b,eng,10.160,10.160,+1.20,
cam3/cam3_1b,fre,10.160,10.160,-5.40,
cam3/cam3_1b,ger,10.080,10.080,-6.10,
cam3/cam3_1bn,eng,30.120,30.120,-1.60,
cam3/cam3_1bn,fre,30.120,30.120,-3.60,
cam3/cam3_1bn,ger,30.160,30.160,-4.40,
cam3/cam3_2b,eng,12.960,12.960,+0.30,
cam3/cam3_2b,fre,16.160,16.160,-5.10,
cam3/cam3_2b,ger,17.760,17.760,-5.50,
cam3/cam3_4a,eng,12.720,12.720,+1.80,
cam3/cam3_4a,fre,12.720,12.720,-7.20,
cam3/cam3_4a,ger,12.720,12.720,-8.00,
cam3/cam3_4b,eng,15.040,15.040,+2.40,
cam3/cam3_4b,fre,15.040,15.040,-7.10,
cam3/cam3_4b,ger,19.600,19.600,-8.70,
cam3/cam3_bn,eng,32.040,32.040,-2.00,
cam3/cam3_bn,fre,32.080,32.080,-3.30,
cam3/cam3_bn,ger,32.040,32.040,-4.00,
cam3/cam3_cb,eng,13.920,13.920,+0.40,
cam3/cam3_cb,fre,17.680,17.680,-5.50,
cam3/cam3_cb,ger,17.920,17.920,-6.60,
cam3/cam3_cg,eng,17.200,17.200,-0.80,
cam3/cam3_cg,fre,18.400,18.400,-3.80,
cam3/cam3_cg,ger,22.720,22.720,-5.40,
cam3/cam3_cn,eng,36.760,36.760,-2.70,
cam3/cam3_cn,fre,36.800,36.800,-3.20,
cam3/cam3_cn,ger,36.800,36.800,-4.10,
cam3/cam3ab,eng,13.280,13.280,-1.80,
cam3/cam3ab,fre,13.280,13.280,-2.80,
cam3/cam3ab,ger,13.280,13.280,-4.40,
cam3/cam3aba,eng,23.840,23.840,+0.50,
cam3/cam3aba,fre,24.480,24.480,-5.00,
cam3/cam3aba,ger,30.720,30.720,-5.00,
cam3/cam3abf,eng,77.600,77.600,-0.80,
cam3/cam3abf,fre,81.520,81.520,-3.60,
cam3/cam3abf,ger,101.520,101.520,-4.60,
cam3/cam3abpl,eng,8.720,8.720,-1.70,
cam3/cam3abpl,fre,8.760,8.760,-5.50,
cam3/cam3abpl,ger,8.720,8.720,-7.00,
cam3/cam3ad1b,eng,12.920,12.920,+2.10,
cam3/cam3ad1b,fre,12.920,12.920,-7.50,
cam3/cam3ad1b,ger,13.680,13.680,-8.30,
cam3/cam3ad2n,eng,20.040,20.040,-2.90,
cam3/cam3ad2n,fre,20.240,20.240,-2.40,
cam3/cam3ad2n,ger,20.240,20.240,-2.80,
cam3/cam3b,eng,8.000,8.000,+2.20,
cam3/cam3b,fre,8.000,8.000,-6.20,
cam3/cam3b,ger,8.000,8.000,-7.70,
cam3/cam3bg,eng,17.200,17.200,+0.00,
cam3/cam3bg,fre,17.200,17.200,-4.80,
cam3/cam3bg,ger,17.200,17.200,-6.90,
cam3/cam3bpl,eng,13.120,13.120,-0.10,
cam3/cam3bpl,fre,12.040,12.040,-4.80,
cam3/cam3bpl,ger,13.120,13.120,-6.20,
cam3/cam3cbet,eng,9.160,9.160,-3.40,
cam3/cam3cbet,fre,9.160,9.160,-1.70,
cam3/cam3cbet,ger,12.880,12.880,+0.10,
cam3/cam3cpl1,eng,7.000,7.000,-1.10,
cam3/cam3cpl1,fre,7.000,7.000,-2.70,
cam3/cam3cpl1,ger,7.040,7.040,-2.70,
cam3/cam3cpl2,eng,3.080,3.080,-1.60,
cam3/cam3cpl2,fre,3.120,3.120,-2.20,
cam3/cam3cpl2,ger,3.080,3.080,-4.90,
cam3/cam3cpl3,eng,4.120,4.120,-1.70,
cam3/cam3cpl3,fre,4.800,4.800,-2.40,
cam3/cam3cpl3,ger,6.560,6.560,-2.40,
cam3/cam3int,eng,32.320,32.320,-2.90,
cam3/cam3int,fre,32.800,32.800,-3.40,
cam3/cam3int,ger,same as eng,,,
cam3/cam3intb,eng,17.920,17.920,+0.20,
cam3/cam3intb,fre,17.920,17.920,-3.80,
cam3/cam3intb,ger,19.920,19.920,-5.80,
cam3/cam3intp,eng,14.640,14.640,-0.20,
cam3/cam3intp,fre,14.640,14.640,-4.60,
cam3/cam3intp,ger,17.200,17.200,-5.40,
devastation,eng,117.320,117.320,-0.80,
devastation,fre,117.800,117.800,-6.70,
devastation,ger,117.600,117.600,-4.50,
eidos-logo,eng,15.120,15.120,-4.60,
eidos-logo,fre,same as eng,,,
eidos-logo,ger,same as eng,,,
end,eng,2.280,2.280,-2.90,
end,fre,2.280,2.280,-3.30,
end,ger,2.280,2.280,-4.00,
factory,eng,42.400,42.400,-2.70,
factory,fre,same as eng,,,
factory,ger,same as eng,,,
fastplay,eng,8.160,8.160,+1.40,
fastplay,fre,8.160,8.160,-6.30,
fastplay,ger,9.760,9.760,-7.10,
incomint,eng,3.280,3.280,-0.90,
incomint,fre,3.440,3.440,-3.70,
incomint,ger,3.280,3.280,-3.40,
incomtns,eng,3.200,3.200,-0.80,
incomtns,fre,3.200,3.200,-3.40,
incomtns,ger,3.120,3.120,-3.50,
inflight,eng,6.040,6.040,-3.20,
inflight,fre,same as eng,,,
inflight,ger,same as eng,,,
outro,eng,54.400,54.400,-3.70,
outro,fre,54.400,54.400,-4.20,
outro,ger,56.320,56.320,-4.40,
plyr4sec,eng,3.960,3.960,+0.30,
plyr4sec,fre,same as eng,,,
plyr4sec,ger,same as eng,,,
prjupdat,eng,3.040,3.040,-0.90,
prjupdat,fre,3.040,3.040,-3.80,
prjupdat,ger,3.040,3.040,-5.20,
pumpkin,eng,7.640,7.640,-4.70,
pumpkin,fre,same as eng,,,
pumpkin,ger,same as eng,,,
titles,eng,20.400,20.400,-4.30,
titles,fre,same as eng,,,
titles,ger,same as eng,,,
transport,eng,10.040,10.040,-0.40,
transport,fre,12.800,12.800,-4.60,
transport,ger,19.520,19.520,-5.50,
victory,eng,1.960,1.960,-1.40,
victory,fre,2.000,2.000,+1.40,
victory,ger,1.920,1.920,-3.90,
